Student ID,Matched College,Utility,Matched
0,75,1.5709280736197864,True
1,71,1.6310496783794153,True
2,16,1.6081521730173016,True
3,69,1.726488721140715,True
4,17,1.7922646027356266,True
5,-1,0.0,False
6,-1,0.0,False
7,-1,0.0,False
8,-1,0.0,False
9,33,1.5931649924748994,True
10,-1,0.0,False
11,-1,0.0,False
12,-1,0.0,False
13,-1,0.0,False
14,-1,0.0,False
15,-1,0.0,False
16,-1,0.0,False
17,-1,0.0,False
18,-1,0.0,False
19,-1,0.0,False
20,-1,0.0,False
21,-1,0.0,False
22,-1,0.0,False
23,-1,0.0,False
24,-1,0.0,False
25,-1,0.0,False
26,-1,0.0,False
27,-1,0.0,False
28,-1,0.0,False
29,-1,0.0,False
30,16,1.6904605229512168,True
31,-1,0.0,False
32,-1,0.0,False
33,-1,0.0,False
34,-1,0.0,False
35,56,1.5347057682555634,True
36,-1,0.0,False
37,-1,0.0,False
38,-1,0.0,False
39,52,1.7835395711720967,True
40,-1,0.0,False
41,-1,0.0,False
42,-1,0.0,False
43,50,1.6079498255707003,True
44,-1,0.0,False
45,-1,0.0,False
46,-1,0.0,False
47,24,1.551622880118373,True
48,-1,0.0,False
49,-1,0.0,False
50,-1,0.0,False
51,-1,0.0,False
52,-1,0.0,False
53,-1,0.0,False
54,-1,0.0,False
55,-1,0.0,False
56,-1,0.0,False
57,51,1.6619820431359247,True
58,-1,0.0,False
59,-1,0.0,False
60,-1,0.0,False
61,-1,0.0,False
62,-1,0.0,False
63,-1,0.0,False
64,-1,0.0,False
65,-1,0.0,False
66,-1,0.0,False
67,22,1.6270213566517593,True
68,-1,0.0,False
69,17,1.8269565716679543,True
70,-1,0.0,False
71,-1,0.0,False
72,-1,0.0,False
73,-1,0.0,False
74,-1,0.0,False
75,-1,0.0,False
76,-1,0.0,False
77,-1,0.0,False
78,-1,0.0,False
79,-1,0.0,False
80,73,1.5911327645432078,True
81,35,1.9570348093094105,True
82,-1,0.0,False
83,-1,0.0,False
84,-1,0.0,False
85,-1,0.0,False
86,-1,0.0,False
87,93,1.9073162220298494,True
88,90,1.642844025344552,True
89,-1,0.0,False
90,-1,0.0,False
91,-1,0.0,False
92,-1,0.0,False
93,-1,0.0,False
94,-1,0.0,False
95,22,1.5174911422971158,True
96,-1,0.0,False
97,-1,0.0,False
98,-1,0.0,False
99,-1,0.0,False
100,-1,0.0,False
101,-1,0.0,False
102,-1,0.0,False
103,16,1.620193089694643,True
104,-1,0.0,False
105,-1,0.0,False
106,-1,0.0,False
107,47,1.5529922225787978,True
108,-1,0.0,False
109,-1,0.0,False
110,-1,0.0,False
111,-1,0.0,False
112,40,1.572008214704493,True
113,-1,0.0,False
114,-1,0.0,False
115,-1,0.0,False
116,24,1.5952125668724348,True
117,-1,0.0,False
118,72,1.5278583465389644,True
119,-1,0.0,False
120,-1,0.0,False
121,-1,0.0,False
122,-1,0.0,False
123,-1,0.0,False
124,54,1.7263064781492226,True
125,72,1.5933913940872562,True
126,25,1.6387740143285014,True
127,-1,0.0,False
128,59,1.9036457515683791,True
129,-1,0.0,False
130,-1,0.0,False
131,-1,0.0,False
132,-1,0.0,False
133,-1,0.0,False
134,35,1.8838350520305007,True
135,-1,0.0,False
136,69,1.6630127980829066,True
137,-1,0.0,False
138,-1,0.0,False
139,-1,0.0,False
140,-1,0.0,False
141,87,1.5802692077989715,True
142,-1,0.0,False
143,-1,0.0,False
144,-1,0.0,False
145,-1,0.0,False
146,-1,0.0,False
147,-1,0.0,False
148,-1,0.0,False
149,-1,0.0,False
150,-1,0.0,False
151,-1,0.0,False
152,-1,0.0,False
153,-1,0.0,False
154,-1,0.0,False
155,-1,0.0,False
156,-1,0.0,False
157,-1,0.0,False
158,-1,0.0,False
159,-1,0.0,False
160,0,1.4777679740691192,True
161,-1,0.0,False
162,-1,0.0,False
163,-1,0.0,False
164,-1,0.0,False
165,-1,0.0,False
166,-1,0.0,False
167,-1,0.0,False
168,-1,0.0,False
169,-1,0.0,False
170,-1,0.0,False
171,-1,0.0,False
172,23,1.7912923440539763,True
173,-1,0.0,False
174,80,1.6223733649739098,True
175,-1,0.0,False
176,71,1.6620583794249506,True
177,-1,0.0,False
178,-1,0.0,False
179,-1,0.0,False
180,-1,0.0,False
181,-1,0.0,False
182,-1,0.0,False
183,-1,0.0,False
184,38,1.5756567953952128,True
185,-1,0.0,False
186,-1,0.0,False
187,-1,0.0,False
188,-1,0.0,False
189,-1,0.0,False
190,-1,0.0,False
191,-1,0.0,False
192,-1,0.0,False
193,-1,0.0,False
194,74,1.6201694298543021,True
195,73,1.5911024883295117,True
196,-1,0.0,False
197,-1,0.0,False
198,33,1.7739683652114637,True
199,14,1.5222765899829405,True
200,-1,0.0,False
201,-1,0.0,False
202,-1,0.0,False
203,-1,0.0,False
204,-1,0.0,False
205,-1,0.0,False
206,-1,0.0,False
207,-1,0.0,False
208,-1,0.0,False
209,-1,0.0,False
210,-1,0.0,False
211,-1,0.0,False
212,93,1.8909179978732038,True
213,-1,0.0,False
214,-1,0.0,False
215,37,1.6975305355384314,True
216,-1,0.0,False
217,69,1.8029823875543012,True
218,-1,0.0,False
219,-1,0.0,False
220,-1,0.0,False
221,23,1.5467489348196009,True
222,-1,0.0,False
223,-1,0.0,False
224,-1,0.0,False
225,-1,0.0,False
226,-1,0.0,False
227,-1,0.0,False
228,-1,0.0,False
229,-1,0.0,False
230,-1,0.0,False
231,-1,0.0,False
232,-1,0.0,False
233,64,1.5231442699755324,True
234,-1,0.0,False
235,71,1.502300666274969,True
236,-1,0.0,False
237,73,1.5932482393389986,True
238,-1,0.0,False
239,64,1.6869241758413611,True
240,92,1.470591659458651,True
241,-1,0.0,False
242,-1,0.0,False
243,-1,0.0,False
244,-1,0.0,False
245,-1,0.0,False
246,-1,0.0,False
247,-1,0.0,False
248,-1,0.0,False
249,-1,0.0,False
250,-1,0.0,False
251,-1,0.0,False
252,-1,0.0,False
253,-1,0.0,False
254,93,1.7783275758310406,True
255,-1,0.0,False
256,8,1.6774416378401957,True
257,75,1.5529882714318415,True
258,-1,0.0,False
259,-1,0.0,False
260,25,1.6405826179888043,True
261,-1,0.0,False
262,-1,0.0,False
263,-1,0.0,False
264,-1,0.0,False
265,28,1.6114851484629074,True
266,64,1.6267765738238418,True
267,-1,0.0,False
268,-1,0.0,False
269,-1,0.0,False
270,22,1.6580699171653506,True
271,75,1.5750563827881676,True
272,-1,0.0,False
273,-1,0.0,False
274,-1,0.0,False
275,33,1.893236944406314,True
276,-1,0.0,False
277,-1,0.0,False
278,-1,0.0,False
279,88,1.6689139698146664,True
280,-1,0.0,False
281,82,1.576594339349064,True
282,-1,0.0,False
283,-1,0.0,False
284,-1,0.0,False
285,-1,0.0,False
286,67,1.8802359793112968,True
287,53,1.4996534256704745,True
288,-1,0.0,False
289,-1,0.0,False
290,-1,0.0,False
291,-1,0.0,False
292,-1,0.0,False
293,22,1.6052108448539593,True
294,-1,0.0,False
295,14,1.6281653861673275,True
296,-1,0.0,False
297,-1,0.0,False
298,-1,0.0,False
299,54,1.633335973287354,True
300,-1,0.0,False
301,-1,0.0,False
302,-1,0.0,False
303,-1,0.0,False
304,30,1.5872777479252183,True
305,-1,0.0,False
306,75,1.5694959867107556,True
307,-1,0.0,False
308,-1,0.0,False
309,-1,0.0,False
310,-1,0.0,False
311,-1,0.0,False
312,-1,0.0,False
313,-1,0.0,False
314,-1,0.0,False
315,-1,0.0,False
316,-1,0.0,False
317,-1,0.0,False
318,-1,0.0,False
319,1,1.755645936694513,True
320,-1,0.0,False
321,-1,0.0,False
322,-1,0.0,False
323,-1,0.0,False
324,-1,0.0,False
325,-1,0.0,False
326,71,1.5685359028394315,True
327,36,1.9404844147641973,True
328,-1,0.0,False
329,-1,0.0,False
330,-1,0.0,False
331,-1,0.0,False
332,-1,0.0,False
333,-1,0.0,False
334,-1,0.0,False
335,-1,0.0,False
336,-1,0.0,False
337,-1,0.0,False
338,-1,0.0,False
339,-1,0.0,False
340,-1,0.0,False
341,-1,0.0,False
342,-1,0.0,False
343,-1,0.0,False
344,7,1.4025107687782326,True
345,-1,0.0,False
346,-1,0.0,False
347,-1,0.0,False
348,-1,0.0,False
349,23,1.7583276210903227,True
350,-1,0.0,False
351,-1,0.0,False
352,33,1.7489329349866394,True
353,-1,0.0,False
354,22,1.5860617373191674,True
355,-1,0.0,False
356,-1,0.0,False
357,64,1.7938419837586315,True
358,-1,0.0,False
359,-1,0.0,False
360,-1,0.0,False
361,-1,0.0,False
362,-1,0.0,False
363,-1,0.0,False
364,0,1.5186123178734667,True
365,-1,0.0,False
366,-1,0.0,False
367,-1,0.0,False
368,-1,0.0,False
369,-1,0.0,False
370,-1,0.0,False
371,-1,0.0,False
372,-1,0.0,False
373,-1,0.0,False
374,-1,0.0,False
375,-1,0.0,False
376,30,1.6453277380992843,True
377,-1,0.0,False
378,-1,0.0,False
379,-1,0.0,False
380,-1,0.0,False
381,-1,0.0,False
382,68,1.5855438970398865,True
383,30,1.585944700903033,True
384,-1,0.0,False
385,62,1.621097768038031,True
386,-1,0.0,False
387,-1,0.0,False
388,12,1.5281508641329102,True
389,47,1.5133036433287967,True
390,-1,0.0,False
391,-1,0.0,False
392,-1,0.0,False
393,17,1.7419131404927652,True
394,-1,0.0,False
395,-1,0.0,False
396,-1,0.0,False
397,90,1.466419196151982,True
398,-1,0.0,False
399,-1,0.0,False
400,-1,0.0,False
401,59,1.7009237835364783,True
402,-1,0.0,False
403,12,1.638299735079912,True
404,-1,0.0,False
405,-1,0.0,False
406,-1,0.0,False
407,-1,0.0,False
408,-1,0.0,False
409,-1,0.0,False
410,-1,0.0,False
411,-1,0.0,False
412,33,1.976123374009268,True
413,-1,0.0,False
414,-1,0.0,False
415,43,1.5889703234133215,True
416,-1,0.0,False
417,-1,0.0,False
418,-1,0.0,False
419,-1,0.0,False
420,-1,0.0,False
421,-1,0.0,False
422,67,1.8588961279021703,True
423,38,1.50381857492139,True
424,-1,0.0,False
425,-1,0.0,False
426,-1,0.0,False
427,-1,0.0,False
428,-1,0.0,False
429,-1,0.0,False
430,-1,0.0,False
431,73,1.5706492008478015,True
432,-1,0.0,False
433,-1,0.0,False
434,-1,0.0,False
435,-1,0.0,False
436,-1,0.0,False
437,40,1.8657738519387197,True
438,-1,0.0,False
439,-1,0.0,False
440,-1,0.0,False
441,-1,0.0,False
442,95,1.4529160781565504,True
443,-1,0.0,False
444,-1,0.0,False
445,12,1.6839892546203308,True
446,-1,0.0,False
447,-1,0.0,False
448,-1,0.0,False
449,-1,0.0,False
450,2,1.588628449673061,True
451,-1,0.0,False
452,-1,0.0,False
453,67,1.7695532072113815,True
454,-1,0.0,False
455,-1,0.0,False
456,87,1.540925856719377,True
457,-1,0.0,False
458,-1,0.0,False
459,-1,0.0,False
460,-1,0.0,False
461,74,1.645280929733991,True
462,-1,0.0,False
463,-1,0.0,False
464,-1,0.0,False
465,-1,0.0,False
466,-1,0.0,False
467,-1,0.0,False
468,-1,0.0,False
469,-1,0.0,False
470,-1,0.0,False
471,-1,0.0,False
472,-1,0.0,False
473,16,1.746754227685818,True
474,-1,0.0,False
475,69,1.7169495763807658,True
476,-1,0.0,False
477,-1,0.0,False
478,-1,0.0,False
479,-1,0.0,False
480,-1,0.0,False
481,-1,0.0,False
482,-1,0.0,False
483,-1,0.0,False
484,-1,0.0,False
485,-1,0.0,False
486,-1,0.0,False
487,-1,0.0,False
488,-1,0.0,False
489,88,1.838803678356127,True
490,-1,0.0,False
491,-1,0.0,False
492,-1,0.0,False
493,64,1.5489315742388254,True
494,12,1.5615865646997735,True
495,-1,0.0,False
496,-1,0.0,False
497,90,1.5752788671469895,True
498,-1,0.0,False
499,-1,0.0,False
500,-1,0.0,False
501,-1,0.0,False
502,-1,0.0,False
503,-1,0.0,False
504,-1,0.0,False
505,-1,0.0,False
506,-1,0.0,False
507,-1,0.0,False
508,-1,0.0,False
509,-1,0.0,False
510,-1,0.0,False
511,52,1.8053006247362133,True
512,-1,0.0,False
513,88,1.6454887396403994,True
514,-1,0.0,False
515,-1,0.0,False
516,-1,0.0,False
517,-1,0.0,False
518,51,1.6615587638876566,True
519,-1,0.0,False
520,-1,0.0,False
521,-1,0.0,False
522,-1,0.0,False
523,-1,0.0,False
524,-1,0.0,False
525,-1,0.0,False
526,-1,0.0,False
527,23,1.6634921889913115,True
528,-1,0.0,False
529,-1,0.0,False
530,17,1.6856946744703798,True
531,-1,0.0,False
532,-1,0.0,False
533,-1,0.0,False
534,-1,0.0,False
535,25,1.6606496386147729,True
536,-1,0.0,False
537,-1,0.0,False
538,-1,0.0,False
539,-1,0.0,False
540,-1,0.0,False
541,-1,0.0,False
542,-1,0.0,False
543,-1,0.0,False
544,74,1.601154139614204,True
545,74,1.6179798086164467,True
546,-1,0.0,False
547,-1,0.0,False
548,-1,0.0,False
549,-1,0.0,False
550,-1,0.0,False
551,-1,0.0,False
552,-1,0.0,False
553,-1,0.0,False
554,-1,0.0,False
555,-1,0.0,False
556,88,1.7340935405915316,True
557,-1,0.0,False
558,87,1.5744618159592023,True
559,-1,0.0,False
560,-1,0.0,False
561,-1,0.0,False
562,-1,0.0,False
563,0,1.5690593727432647,True
564,-1,0.0,False
565,-1,0.0,False
566,-1,0.0,False
567,-1,0.0,False
568,76,1.423617238533334,True
569,-1,0.0,False
570,-1,0.0,False
571,-1,0.0,False
572,-1,0.0,False
573,47,1.5582329454735193,True
574,36,1.7931114496131593,True
575,-1,0.0,False
576,-1,0.0,False
577,30,1.6319167261165348,True
578,-1,0.0,False
579,1,1.7431795586250316,True
580,-1,0.0,False
581,-1,0.0,False
582,-1,0.0,False
583,-1,0.0,False
584,-1,0.0,False
585,-1,0.0,False
586,-1,0.0,False
587,-1,0.0,False
588,-1,0.0,False
589,-1,0.0,False
590,-1,0.0,False
591,-1,0.0,False
592,-1,0.0,False
593,-1,0.0,False
594,-1,0.0,False
595,-1,0.0,False
596,-1,0.0,False
597,-1,0.0,False
598,-1,0.0,False
599,-1,0.0,False
600,-1,0.0,False
601,-1,0.0,False
602,25,1.68956055720572,True
603,-1,0.0,False
604,33,1.6246705289642942,True
605,-1,0.0,False
606,-1,0.0,False
607,-1,0.0,False
608,-1,0.0,False
609,8,1.6701093922937449,True
610,-1,0.0,False
611,59,1.7131784364366114,True
612,82,1.5366948796718045,True
613,-1,0.0,False
614,-1,0.0,False
615,-1,0.0,False
616,-1,0.0,False
617,-1,0.0,False
618,-1,0.0,False
619,-1,0.0,False
620,24,1.5793564808112106,True
621,-1,0.0,False
622,-1,0.0,False
623,68,1.5157002788311937,True
624,-1,0.0,False
625,74,1.6136516650679482,True
626,-1,0.0,False
627,2,1.6439367248792975,True
628,-1,0.0,False
629,-1,0.0,False
630,-1,0.0,False
631,-1,0.0,False
632,75,1.5404717964349688,True
633,-1,0.0,False
634,-1,0.0,False
635,88,1.634909382852109,True
636,39,1.5188757861522197,True
637,-1,0.0,False
638,-1,0.0,False
639,17,1.7330708572167295,True
640,-1,0.0,False
641,-1,0.0,False
642,-1,0.0,False
643,22,1.6144497999462708,True
644,-1,0.0,False
645,-1,0.0,False
646,-1,0.0,False
647,-1,0.0,False
648,-1,0.0,False
649,-1,0.0,False
650,68,1.6443097096477954,True
651,-1,0.0,False
652,-1,0.0,False
653,-1,0.0,False
654,-1,0.0,False
655,-1,0.0,False
656,-1,0.0,False
657,-1,0.0,False
658,-1,0.0,False
659,-1,0.0,False
660,-1,0.0,False
661,-1,0.0,False
662,-1,0.0,False
663,-1,0.0,False
664,-1,0.0,False
665,-1,0.0,False
666,-1,0.0,False
667,-1,0.0,False
668,48,1.7121239583961536,True
669,-1,0.0,False
670,-1,0.0,False
671,-1,0.0,False
672,-1,0.0,False
673,-1,0.0,False
674,78,1.745328856744833,True
675,-1,0.0,False
676,-1,0.0,False
677,43,1.599125068794128,True
678,-1,0.0,False
679,-1,0.0,False
680,-1,0.0,False
681,-1,0.0,False
682,-1,0.0,False
683,-1,0.0,False
684,-1,0.0,False
685,74,1.6447399040259305,True
686,-1,0.0,False
687,68,1.6051709607413143,True
688,-1,0.0,False
689,-1,0.0,False
690,-1,0.0,False
691,-1,0.0,False
692,-1,0.0,False
693,-1,0.0,False
694,-1,0.0,False
695,-1,0.0,False
696,-1,0.0,False
697,-1,0.0,False
698,12,1.6238345389649815,True
699,-1,0.0,False
700,71,1.617994329274505,True
701,-1,0.0,False
702,-1,0.0,False
703,-1,0.0,False
704,-1,0.0,False
705,-1,0.0,False
706,-1,0.0,False
707,-1,0.0,False
708,48,1.801359751089059,True
709,-1,0.0,False
710,59,1.9689776007936788,True
711,-1,0.0,False
712,-1,0.0,False
713,-1,0.0,False
714,-1,0.0,False
715,-1,0.0,False
716,-1,0.0,False
717,14,1.5017766919038014,True
718,-1,0.0,False
719,-1,0.0,False
720,-1,0.0,False
721,-1,0.0,False
722,-1,0.0,False
723,-1,0.0,False
724,-1,0.0,False
725,-1,0.0,False
726,22,1.6316832725801276,True
727,22,1.542286556899205,True
728,30,1.6214833806620237,True
729,74,1.5247383479659322,True
730,-1,0.0,False
731,-1,0.0,False
732,-1,0.0,False
733,-1,0.0,False
734,-1,0.0,False
735,-1,0.0,False
736,-1,0.0,False
737,14,1.5763409514173028,True
738,-1,0.0,False
739,-1,0.0,False
740,-1,0.0,False
741,-1,0.0,False
742,-1,0.0,False
743,-1,0.0,False
744,71,1.5815316292349242,True
745,-1,0.0,False
746,-1,0.0,False
747,-1,0.0,False
748,-1,0.0,False
749,71,1.5903870115287084,True
750,-1,0.0,False
751,87,1.5671657534466614,True
752,-1,0.0,False
753,23,1.6494047429076326,True
754,62,1.5921645290842372,True
755,-1,0.0,False
756,-1,0.0,False
757,-1,0.0,False
758,69,1.7101067037810649,True
759,-1,0.0,False
760,-1,0.0,False
761,-1,0.0,False
762,-1,0.0,False
763,-1,0.0,False
764,-1,0.0,False
765,-1,0.0,False
766,38,1.6174996975000036,True
767,-1,0.0,False
768,-1,0.0,False
769,-1,0.0,False
770,-1,0.0,False
771,17,1.7538814633391695,True
772,-1,0.0,False
773,-1,0.0,False
774,28,1.7189106445013485,True
775,-1,0.0,False
776,-1,0.0,False
777,-1,0.0,False
778,-1,0.0,False
779,-1,0.0,False
780,-1,0.0,False
781,-1,0.0,False
782,-1,0.0,False
783,-1,0.0,False
784,62,1.5792437067242897,True
785,-1,0.0,False
786,-1,0.0,False
787,48,1.6753489855906005,True
788,-1,0.0,False
789,-1,0.0,False
790,-1,0.0,False
791,-1,0.0,False
792,-1,0.0,False
793,-1,0.0,False
794,88,1.8460549545746772,True
795,-1,0.0,False
796,53,1.5302269454765454,True
797,-1,0.0,False
798,-1,0.0,False
799,33,1.8774315555168966,True
800,-1,0.0,False
801,-1,0.0,False
802,-1,0.0,False
803,-1,0.0,False
804,-1,0.0,False
805,-1,0.0,False
806,-1,0.0,False
807,48,1.5985697767626017,True
808,54,1.5302972208907129,True
809,-1,0.0,False
810,67,1.6423652564994282,True
811,12,1.645487806167254,True
812,-1,0.0,False
813,-1,0.0,False
814,-1,0.0,False
815,90,1.6632931550691636,True
816,-1,0.0,False
817,24,1.659249769601391,True
818,-1,0.0,False
819,-1,0.0,False
820,38,1.6305602987172574,True
821,-1,0.0,False
822,-1,0.0,False
823,-1,0.0,False
824,-1,0.0,False
825,-1,0.0,False
826,-1,0.0,False
827,-1,0.0,False
828,-1,0.0,False
829,-1,0.0,False
830,-1,0.0,False
831,-1,0.0,False
832,-1,0.0,False
833,-1,0.0,False
834,53,1.5018430340027011,True
835,1,1.5978652604588963,True
836,78,1.5622311041237253,True
837,28,1.526971234487446,True
838,-1,0.0,False
839,-1,0.0,False
840,-1,0.0,False
841,-1,0.0,False
842,-1,0.0,False
843,-1,0.0,False
844,-1,0.0,False
845,56,1.6546051073511632,True
846,47,1.5307268955121023,True
847,-1,0.0,False
848,-1,0.0,False
849,-1,0.0,False
850,-1,0.0,False
851,-1,0.0,False
852,-1,0.0,False
853,-1,0.0,False
854,-1,0.0,False
855,-1,0.0,False
856,-1,0.0,False
857,-1,0.0,False
858,33,1.9705636908204829,True
859,-1,0.0,False
860,-1,0.0,False
861,52,1.8070341309139208,True
862,39,1.5473422883517947,True
863,-1,0.0,False
864,-1,0.0,False
865,-1,0.0,False
866,-1,0.0,False
867,-1,0.0,False
868,1,1.737045926075333,True
869,-1,0.0,False
870,68,1.5949336239303746,True
871,-1,0.0,False
872,-1,0.0,False
873,-1,0.0,False
874,-1,0.0,False
875,37,1.559677092183227,True
876,-1,0.0,False
877,37,1.7830828652549653,True
878,-1,0.0,False
879,-1,0.0,False
880,-1,0.0,False
881,-1,0.0,False
882,-1,0.0,False
883,-1,0.0,False
884,-1,0.0,False
885,1,1.571873304873479,True
886,-1,0.0,False
887,82,1.62401111454637,True
888,-1,0.0,False
889,-1,0.0,False
890,-1,0.0,False
891,-1,0.0,False
892,74,1.5617186306229245,True
893,-1,0.0,False
894,-1,0.0,False
895,56,1.486682410428175,True
896,75,1.532035566886472,True
897,-1,0.0,False
898,-1,0.0,False
899,-1,0.0,False
900,75,1.4799640228028672,True
901,-1,0.0,False
902,-1,0.0,False
903,-1,0.0,False
904,-1,0.0,False
905,8,1.6181546658657582,True
906,-1,0.0,False
907,72,1.503332323083531,True
908,-1,0.0,False
909,-1,0.0,False
910,-1,0.0,False
911,56,1.7839582935957004,True
912,-1,0.0,False
913,-1,0.0,False
914,-1,0.0,False
915,-1,0.0,False
916,-1,0.0,False
917,-1,0.0,False
918,-1,0.0,False
919,-1,0.0,False
920,-1,0.0,False
921,-1,0.0,False
922,1,1.6859702830142456,True
923,-1,0.0,False
924,-1,0.0,False
925,-1,0.0,False
926,-1,0.0,False
927,-1,0.0,False
928,-1,0.0,False
929,78,1.7385934608567217,True
930,-1,0.0,False
931,12,1.6077970882736712,True
932,53,1.5230805198238135,True
933,-1,0.0,False
934,-1,0.0,False
935,-1,0.0,False
936,-1,0.0,False
937,-1,0.0,False
938,-1,0.0,False
939,-1,0.0,False
940,-1,0.0,False
941,-1,0.0,False
942,47,1.5369613869270413,True
943,-1,0.0,False
944,-1,0.0,False
945,-1,0.0,False
946,37,1.7553447606809112,True
947,-1,0.0,False
948,-1,0.0,False
949,71,1.6413847531068708,True
950,-1,0.0,False
951,-1,0.0,False
952,-1,0.0,False
953,-1,0.0,False
954,-1,0.0,False
955,-1,0.0,False
956,-1,0.0,False
957,-1,0.0,False
958,-1,0.0,False
959,-1,0.0,False
960,8,1.6049859712111596,True
961,-1,0.0,False
962,-1,0.0,False
963,88,1.83880575670339,True
964,-1,0.0,False
965,-1,0.0,False
966,-1,0.0,False
967,28,1.7001750603950545,True
968,-1,0.0,False
969,-1,0.0,False
970,-1,0.0,False
971,54,1.7526126315730526,True
972,-1,0.0,False
973,-1,0.0,False
974,-1,0.0,False
975,-1,0.0,False
976,87,1.5514374458067544,True
977,-1,0.0,False
978,-1,0.0,False
979,-1,0.0,False
980,52,1.736039266549816,True
981,72,1.5733928670470538,True
982,-1,0.0,False
983,-1,0.0,False
984,-1,0.0,False
985,-1,0.0,False
986,43,1.5474175065531077,True
987,-1,0.0,False
988,-1,0.0,False
989,-1,0.0,False
990,-1,0.0,False
991,-1,0.0,False
992,-1,0.0,False
993,-1,0.0,False
994,-1,0.0,False
995,-1,0.0,False
996,-1,0.0,False
997,-1,0.0,False
998,-1,0.0,False
999,-1,0.0,False
1000,-1,0.0,False
1001,-1,0.0,False
1002,53,1.520353122983968,True
1003,43,1.5620819455117956,True
1004,-1,0.0,False
1005,-1,0.0,False
1006,-1,0.0,False
1007,-1,0.0,False
1008,-1,0.0,False
1009,-1,0.0,False
1010,-1,0.0,False
1011,-1,0.0,False
1012,23,1.6508040718704384,True
1013,-1,0.0,False
1014,-1,0.0,False
1015,-1,0.0,False
1016,-1,0.0,False
1017,-1,0.0,False
1018,62,1.6407024594907504,True
1019,-1,0.0,False
1020,-1,0.0,False
1021,-1,0.0,False
1022,-1,0.0,False
1023,-1,0.0,False
1024,-1,0.0,False
1025,-1,0.0,False
1026,30,1.644974654967605,True
1027,-1,0.0,False
1028,-1,0.0,False
1029,-1,0.0,False
1030,-1,0.0,False
1031,-1,0.0,False
1032,-1,0.0,False
1033,-1,0.0,False
1034,-1,0.0,False
1035,-1,0.0,False
1036,-1,0.0,False
1037,-1,0.0,False
1038,-1,0.0,False
1039,-1,0.0,False
1040,-1,0.0,False
1041,-1,0.0,False
1042,14,1.5826144342557136,True
1043,-1,0.0,False
1044,-1,0.0,False
1045,-1,0.0,False
1046,-1,0.0,False
1047,-1,0.0,False
1048,-1,0.0,False
1049,-1,0.0,False
1050,-1,0.0,False
1051,-1,0.0,False
1052,-1,0.0,False
1053,-1,0.0,False
1054,-1,0.0,False
1055,-1,0.0,False
1056,1,1.7501901896796515,True
1057,-1,0.0,False
1058,-1,0.0,False
1059,-1,0.0,False
1060,-1,0.0,False
1061,-1,0.0,False
1062,-1,0.0,False
1063,-1,0.0,False
1064,-1,0.0,False
1065,-1,0.0,False
1066,-1,0.0,False
1067,35,1.9295962725985554,True
1068,-1,0.0,False
1069,-1,0.0,False
1070,-1,0.0,False
1071,72,1.5844507413676254,True
1072,-1,0.0,False
1073,-1,0.0,False
1074,35,1.7268543921053179,True
1075,-1,0.0,False
1076,-1,0.0,False
1077,-1,0.0,False
1078,-1,0.0,False
1079,2,1.6310236651426657,True
1080,-1,0.0,False
1081,-1,0.0,False
1082,-1,0.0,False
1083,-1,0.0,False
1084,-1,0.0,False
1085,-1,0.0,False
1086,-1,0.0,False
1087,90,1.6263593414430417,True
1088,-1,0.0,False
1089,-1,0.0,False
1090,-1,0.0,False
1091,2,1.6923145318979769,True
1092,-1,0.0,False
1093,82,1.5912378151823492,True
1094,-1,0.0,False
1095,-1,0.0,False
1096,-1,0.0,False
1097,-1,0.0,False
1098,-1,0.0,False
1099,-1,0.0,False
1100,39,1.4962105905767804,True
1101,-1,0.0,False
1102,-1,0.0,False
1103,-1,0.0,False
1104,-1,0.0,False
1105,30,1.5955719782540387,True
1106,-1,0.0,False
1107,-1,0.0,False
1108,-1,0.0,False
1109,-1,0.0,False
1110,40,1.7499910421473137,True
1111,-1,0.0,False
1112,-1,0.0,False
1113,-1,0.0,False
1114,-1,0.0,False
1115,-1,0.0,False
1116,23,1.5673136700615997,True
1117,-1,0.0,False
1118,-1,0.0,False
1119,68,1.5265726258185994,True
1120,-1,0.0,False
1121,-1,0.0,False
1122,53,1.5519464892275348,True
1123,-1,0.0,False
1124,88,1.70881511574016,True
1125,-1,0.0,False
1126,-1,0.0,False
1127,-1,0.0,False
1128,-1,0.0,False
1129,-1,0.0,False
1130,-1,0.0,False
1131,90,1.615888089003409,True
1132,1,1.683554652221316,True
1133,-1,0.0,False
1134,-1,0.0,False
1135,-1,0.0,False
1136,-1,0.0,False
1137,-1,0.0,False
1138,83,1.529770889687576,True
1139,-1,0.0,False
1140,87,1.4966564462602436,True
1141,17,1.8108302372027871,True
1142,40,1.572661024364475,True
1143,23,1.610983797225916,True
1144,-1,0.0,False
1145,-1,0.0,False
1146,-1,0.0,False
1147,-1,0.0,False
1148,67,1.7279270189669091,True
1149,-1,0.0,False
1150,-1,0.0,False
1151,38,1.6281133512017791,True
1152,-1,0.0,False
1153,-1,0.0,False
1154,-1,0.0,False
1155,17,1.7493819590740596,True
1156,-1,0.0,False
1157,78,1.6106368103384738,True
1158,-1,0.0,False
1159,-1,0.0,False
1160,-1,0.0,False
1161,-1,0.0,False
1162,-1,0.0,False
1163,-1,0.0,False
1164,-1,0.0,False
1165,-1,0.0,False
1166,-1,0.0,False
1167,-1,0.0,False
1168,-1,0.0,False
1169,-1,0.0,False
1170,-1,0.0,False
1171,75,1.4483924353548958,True
1172,-1,0.0,False
1173,-1,0.0,False
1174,-1,0.0,False
1175,-1,0.0,False
1176,-1,0.0,False
1177,-1,0.0,False
1178,-1,0.0,False
1179,33,1.795718015476385,True
1180,35,1.9414134295338004,True
1181,-1,0.0,False
1182,24,1.5079250032879568,True
1183,-1,0.0,False
1184,-1,0.0,False
1185,-1,0.0,False
1186,80,1.5997353903863774,True
1187,28,1.720480530424096,True
1188,-1,0.0,False
1189,23,1.7700024934077545,True
1190,-1,0.0,False
1191,-1,0.0,False
1192,-1,0.0,False
1193,53,1.551393616413371,True
1194,-1,0.0,False
1195,-1,0.0,False
1196,75,1.5230584620667282,True
1197,-1,0.0,False
1198,73,1.5355434951252689,True
1199,-1,0.0,False
1200,35,1.5484928109015823,True
1201,-1,0.0,False
1202,47,1.561480214149492,True
1203,-1,0.0,False
1204,-1,0.0,False
1205,-1,0.0,False
1206,-1,0.0,False
1207,-1,0.0,False
1208,-1,0.0,False
1209,-1,0.0,False
1210,43,1.5832845945786547,True
1211,73,1.5516513449416416,True
1212,-1,0.0,False
1213,-1,0.0,False
1214,-1,0.0,False
1215,50,1.786601215751196,True
1216,-1,0.0,False
1217,-1,0.0,False
1218,-1,0.0,False
1219,-1,0.0,False
1220,-1,0.0,False
1221,-1,0.0,False
1222,-1,0.0,False
1223,2,1.672757369188702,True
1224,-1,0.0,False
1225,-1,0.0,False
1226,-1,0.0,False
1227,2,1.7047515448221497,True
1228,-1,0.0,False
1229,73,1.590315663764673,True
1230,-1,0.0,False
1231,83,1.668600847985371,True
1232,78,1.7589564469256307,True
1233,-1,0.0,False
1234,52,1.772417771417905,True
1235,73,1.5532902466881007,True
1236,-1,0.0,False
1237,-1,0.0,False
1238,-1,0.0,False
1239,-1,0.0,False
1240,-1,0.0,False
1241,-1,0.0,False
1242,2,1.6491316354109298,True
1243,16,1.6910174904481998,True
1244,59,1.8600892387271437,True
1245,-1,0.0,False
1246,-1,0.0,False
1247,-1,0.0,False
1248,-1,0.0,False
1249,-1,0.0,False
1250,43,1.6116936818547756,True
1251,-1,0.0,False
1252,-1,0.0,False
1253,-1,0.0,False
1254,30,1.6668134257001617,True
1255,-1,0.0,False
1256,-1,0.0,False
1257,-1,0.0,False
1258,-1,0.0,False
1259,24,1.6081403711767353,True
1260,-1,0.0,False
1261,-1,0.0,False
1262,0,1.5651012143279301,True
1263,-1,0.0,False
1264,-1,0.0,False
1265,-1,0.0,False
1266,-1,0.0,False
1267,58,1.863280940722139,True
1268,-1,0.0,False
1269,-1,0.0,False
1270,93,1.7033660395187964,True
1271,-1,0.0,False
1272,-1,0.0,False
1273,-1,0.0,False
1274,-1,0.0,False
1275,-1,0.0,False
1276,-1,0.0,False
1277,-1,0.0,False
1278,-1,0.0,False
1279,-1,0.0,False
1280,67,1.8411407585347241,True
1281,-1,0.0,False
1282,-1,0.0,False
1283,-1,0.0,False
1284,-1,0.0,False
1285,-1,0.0,False
1286,-1,0.0,False
1287,-1,0.0,False
1288,-1,0.0,False
1289,40,1.8074062043722734,True
1290,-1,0.0,False
1291,-1,0.0,False
1292,-1,0.0,False
1293,-1,0.0,False
1294,-1,0.0,False
1295,-1,0.0,False
1296,-1,0.0,False
1297,-1,0.0,False
1298,1,1.5812312836987399,True
1299,-1,0.0,False
1300,-1,0.0,False
1301,75,1.5639502394674074,True
1302,-1,0.0,False
1303,-1,0.0,False
1304,-1,0.0,False
1305,69,1.563457934795013,True
1306,-1,0.0,False
1307,-1,0.0,False
1308,-1,0.0,False
1309,-1,0.0,False
1310,48,1.7772804288708333,True
1311,-1,0.0,False
1312,-1,0.0,False
1313,-1,0.0,False
1314,-1,0.0,False
1315,-1,0.0,False
1316,38,1.5607899128649965,True
1317,14,1.6050792959196707,True
1318,-1,0.0,False
1319,-1,0.0,False
1320,-1,0.0,False
1321,-1,0.0,False
1322,-1,0.0,False
1323,-1,0.0,False
1324,-1,0.0,False
1325,-1,0.0,False
1326,-1,0.0,False
1327,58,1.6491371986685857,True
1328,-1,0.0,False
1329,16,1.6232639320675832,True
1330,-1,0.0,False
1331,-1,0.0,False
1332,-1,0.0,False
1333,-1,0.0,False
1334,-1,0.0,False
1335,-1,0.0,False
1336,39,1.5459295054646192,True
1337,-1,0.0,False
1338,-1,0.0,False
1339,-1,0.0,False
1340,-1,0.0,False
1341,-1,0.0,False
1342,-1,0.0,False
1343,-1,0.0,False
1344,36,1.8062144845703159,True
1345,-1,0.0,False
1346,-1,0.0,False
1347,-1,0.0,False
1348,28,1.5322021483392083,True
1349,-1,0.0,False
1350,-1,0.0,False
1351,74,1.6146617825712684,True
1352,-1,0.0,False
1353,-1,0.0,False
1354,-1,0.0,False
1355,-1,0.0,False
1356,-1,0.0,False
1357,-1,0.0,False
1358,-1,0.0,False
1359,-1,0.0,False
1360,-1,0.0,False
1361,-1,0.0,False
1362,-1,0.0,False
1363,-1,0.0,False
1364,52,1.717569743360206,True
1365,-1,0.0,False
1366,80,1.6710301625258326,True
1367,-1,0.0,False
1368,-1,0.0,False
1369,-1,0.0,False
1370,-1,0.0,False
1371,-1,0.0,False
1372,-1,0.0,False
1373,-1,0.0,False
1374,92,1.4766481005838785,True
1375,-1,0.0,False
1376,-1,0.0,False
1377,-1,0.0,False
1378,-1,0.0,False
1379,-1,0.0,False
1380,-1,0.0,False
1381,-1,0.0,False
1382,-1,0.0,False
1383,40,1.627258663022848,True
1384,-1,0.0,False
1385,-1,0.0,False
1386,-1,0.0,False
1387,-1,0.0,False
1388,-1,0.0,False
1389,67,1.4936787378235699,True
1390,-1,0.0,False
1391,-1,0.0,False
1392,-1,0.0,False
1393,-1,0.0,False
1394,-1,0.0,False
1395,-1,0.0,False
1396,-1,0.0,False
1397,-1,0.0,False
1398,8,1.615678854300779,True
1399,-1,0.0,False
1400,-1,0.0,False
1401,-1,0.0,False
1402,-1,0.0,False
1403,-1,0.0,False
1404,-1,0.0,False
1405,-1,0.0,False
1406,-1,0.0,False
1407,-1,0.0,False
1408,-1,0.0,False
1409,-1,0.0,False
1410,-1,0.0,False
1411,-1,0.0,False
1412,-1,0.0,False
1413,-1,0.0,False
1414,87,1.549157815987551,True
1415,-1,0.0,False
1416,-1,0.0,False
1417,-1,0.0,False
1418,-1,0.0,False
1419,-1,0.0,False
1420,-1,0.0,False
1421,-1,0.0,False
1422,-1,0.0,False
1423,-1,0.0,False
1424,-1,0.0,False
1425,-1,0.0,False
1426,-1,0.0,False
1427,-1,0.0,False
1428,-1,0.0,False
1429,-1,0.0,False
1430,-1,0.0,False
1431,-1,0.0,False
1432,-1,0.0,False
1433,-1,0.0,False
1434,-1,0.0,False
1435,-1,0.0,False
1436,-1,0.0,False
1437,-1,0.0,False
1438,-1,0.0,False
1439,-1,0.0,False
1440,-1,0.0,False
1441,-1,0.0,False
1442,-1,0.0,False
1443,22,1.6493033258349632,True
1444,90,1.6430453281271702,True
1445,-1,0.0,False
1446,-1,0.0,False
1447,-1,0.0,False
1448,-1,0.0,False
1449,-1,0.0,False
1450,90,1.6552305586421192,True
1451,-1,0.0,False
1452,39,1.5646214680254666,True
1453,-1,0.0,False
1454,-1,0.0,False
1455,50,1.8768116518859381,True
1456,-1,0.0,False
1457,-1,0.0,False
1458,40,1.583353573367675,True
1459,-1,0.0,False
1460,78,1.739738731432496,True
1461,-1,0.0,False
1462,-1,0.0,False
1463,-1,0.0,False
1464,-1,0.0,False
1465,-1,0.0,False
1466,73,1.5959393886598385,True
1467,-1,0.0,False
1468,38,1.5835513729093496,True
1469,-1,0.0,False
1470,-1,0.0,False
1471,-1,0.0,False
1472,-1,0.0,False
1473,-1,0.0,False
1474,-1,0.0,False
1475,8,1.6619055248747217,True
1476,83,1.6934630700911781,True
1477,-1,0.0,False
1478,-1,0.0,False
1479,-1,0.0,False
1480,-1,0.0,False
1481,-1,0.0,False
1482,-1,0.0,False
1483,-1,0.0,False
1484,71,1.5418402239010138,True
1485,-1,0.0,False
1486,-1,0.0,False
1487,54,1.5356480623179505,True
1488,-1,0.0,False
1489,-1,0.0,False
1490,-1,0.0,False
1491,-1,0.0,False
1492,-1,0.0,False
1493,-1,0.0,False
1494,-1,0.0,False
1495,72,1.5068816190831973,True
1496,47,1.560437336458571,True
1497,-1,0.0,False
1498,-1,0.0,False
1499,37,1.7511192413861818,True
1500,-1,0.0,False
1501,80,1.499047492268572,True
1502,-1,0.0,False
1503,-1,0.0,False
1504,-1,0.0,False
1505,-1,0.0,False
1506,-1,0.0,False
1507,-1,0.0,False
1508,-1,0.0,False
1509,-1,0.0,False
1510,-1,0.0,False
1511,-1,0.0,False
1512,23,1.7214341972182532,True
1513,-1,0.0,False
1514,-1,0.0,False
1515,-1,0.0,False
1516,-1,0.0,False
1517,59,1.6178907925473824,True
1518,-1,0.0,False
1519,-1,0.0,False
1520,-1,0.0,False
1521,-1,0.0,False
1522,80,1.5576860528455452,True
1523,-1,0.0,False
1524,35,1.8660375488555316,True
1525,-1,0.0,False
1526,-1,0.0,False
1527,-1,0.0,False
1528,78,1.5334894985962872,True
1529,-1,0.0,False
1530,-1,0.0,False
1531,-1,0.0,False
1532,24,1.6583137477341259,True
1533,73,1.5740778948967555,True
1534,-1,0.0,False
1535,-1,0.0,False
1536,-1,0.0,False
1537,-1,0.0,False
1538,-1,0.0,False
1539,-1,0.0,False
1540,-1,0.0,False
1541,73,1.5696420207871138,True
1542,58,1.7724640533221792,True
1543,37,1.6962070828548554,True
1544,35,1.5842445449740685,True
1545,-1,0.0,False
1546,-1,0.0,False
1547,-1,0.0,False
1548,-1,0.0,False
1549,71,1.5771300990944535,True
1550,-1,0.0,False
1551,87,1.6009134185086524,True
1552,-1,0.0,False
1553,-1,0.0,False
1554,-1,0.0,False
1555,-1,0.0,False
1556,-1,0.0,False
1557,-1,0.0,False
1558,47,1.556063958718737,True
1559,-1,0.0,False
1560,78,1.7624592090532012,True
1561,93,1.552413733565694,True
1562,-1,0.0,False
1563,48,1.784698838200651,True
1564,-1,0.0,False
1565,-1,0.0,False
1566,-1,0.0,False
1567,-1,0.0,False
1568,-1,0.0,False
1569,58,1.5704121809358516,True
1570,-1,0.0,False
1571,0,1.5673047964778295,True
1572,-1,0.0,False
1573,1,1.6138737728413202,True
1574,-1,0.0,False
1575,62,1.5091566621561936,True
1576,78,1.6866261802852023,True
1577,2,1.7381387281320873,True
1578,-1,0.0,False
1579,-1,0.0,False
1580,-1,0.0,False
1581,72,1.5505987086638569,True
1582,22,1.6127288380778066,True
1583,38,1.5524898597616885,True
1584,-1,0.0,False
1585,-1,0.0,False
1586,-1,0.0,False
1587,17,1.7005213598625866,True
1588,52,1.8229392429326352,True
1589,-1,0.0,False
1590,62,1.68985770671857,True
1591,-1,0.0,False
1592,75,1.5349586621401277,True
1593,-1,0.0,False
1594,2,1.507622800660961,True
1595,-1,0.0,False
1596,-1,0.0,False
1597,-1,0.0,False
1598,-1,0.0,False
1599,-1,0.0,False
1600,-1,0.0,False
1601,14,1.6010609474522823,True
1602,-1,0.0,False
1603,12,1.6873175518699273,True
1604,-1,0.0,False
1605,-1,0.0,False
1606,-1,0.0,False
1607,24,1.571104982728715,True
1608,-1,0.0,False
1609,-1,0.0,False
1610,-1,0.0,False
1611,-1,0.0,False
1612,-1,0.0,False
1613,-1,0.0,False
1614,-1,0.0,False
1615,-1,0.0,False
1616,-1,0.0,False
1617,-1,0.0,False
1618,-1,0.0,False
1619,-1,0.0,False
1620,-1,0.0,False
1621,-1,0.0,False
1622,-1,0.0,False
1623,68,1.6457354348557178,True
1624,-1,0.0,False
1625,-1,0.0,False
1626,-1,0.0,False
1627,-1,0.0,False
1628,-1,0.0,False
1629,-1,0.0,False
1630,12,1.6369295048961865,True
1631,82,1.6097839057511778,True
1632,-1,0.0,False
1633,-1,0.0,False
1634,-1,0.0,False
1635,-1,0.0,False
1636,51,1.6684477681329257,True
1637,-1,0.0,False
1638,-1,0.0,False
1639,-1,0.0,False
1640,-1,0.0,False
1641,-1,0.0,False
1642,-1,0.0,False
1643,-1,0.0,False
1644,-1,0.0,False
1645,-1,0.0,False
1646,-1,0.0,False
1647,83,1.5761921351395098,True
1648,-1,0.0,False
1649,-1,0.0,False
1650,-1,0.0,False
1651,56,1.6632090499657453,True
1652,-1,0.0,False
1653,-1,0.0,False
1654,-1,0.0,False
1655,-1,0.0,False
1656,-1,0.0,False
1657,-1,0.0,False
1658,53,1.5459537851927354,True
1659,-1,0.0,False
1660,-1,0.0,False
1661,-1,0.0,False
1662,-1,0.0,False
1663,-1,0.0,False
1664,25,1.6132272389495887,True
1665,40,1.8055609189935398,True
1666,38,1.555627837629177,True
1667,-1,0.0,False
1668,-1,0.0,False
1669,-1,0.0,False
1670,-1,0.0,False
1671,82,1.5440230265359145,True
1672,-1,0.0,False
1673,23,1.7212498549529238,True
1674,-1,0.0,False
1675,-1,0.0,False
1676,-1,0.0,False
1677,1,1.6239685557182137,True
1678,-1,0.0,False
1679,-1,0.0,False
1680,12,1.6611202335931985,True
1681,1,1.674512788930412,True
1682,-1,0.0,False
1683,2,1.6239428478182307,True
1684,-1,0.0,False
1685,-1,0.0,False
1686,-1,0.0,False
1687,-1,0.0,False
1688,53,1.5455026496411004,True
1689,-1,0.0,False
1690,-1,0.0,False
1691,-1,0.0,False
1692,-1,0.0,False
1693,-1,0.0,False
1694,64,1.6242194316170675,True
1695,-1,0.0,False
1696,-1,0.0,False
1697,-1,0.0,False
1698,-1,0.0,False
1699,-1,0.0,False
1700,-1,0.0,False
1701,-1,0.0,False
1702,-1,0.0,False
1703,-1,0.0,False
1704,-1,0.0,False
1705,-1,0.0,False
1706,56,1.7693220407470505,True
1707,-1,0.0,False
1708,-1,0.0,False
1709,-1,0.0,False
1710,48,1.738574061553324,True
1711,-1,0.0,False
1712,-1,0.0,False
1713,0,1.524802905953004,True
1714,-1,0.0,False
1715,-1,0.0,False
1716,-1,0.0,False
1717,-1,0.0,False
1718,47,1.540243145004565,True
1719,-1,0.0,False
1720,-1,0.0,False
1721,-1,0.0,False
1722,-1,0.0,False
1723,-1,0.0,False
1724,-1,0.0,False
1725,-1,0.0,False
1726,-1,0.0,False
1727,-1,0.0,False
1728,-1,0.0,False
1729,59,1.6502934502985247,True
1730,-1,0.0,False
1731,-1,0.0,False
1732,16,1.5547113461088882,True
1733,16,1.55258424672129,True
1734,-1,0.0,False
1735,-1,0.0,False
1736,-1,0.0,False
1737,35,1.5970673781236813,True
1738,23,1.6119369156292604,True
1739,-1,0.0,False
1740,83,1.6213675582847356,True
1741,-1,0.0,False
1742,-1,0.0,False
1743,-1,0.0,False
1744,-1,0.0,False
1745,30,1.6013584464337633,True
1746,-1,0.0,False
1747,-1,0.0,False
1748,14,1.4677193102703052,True
1749,37,1.7278634196730853,True
1750,-1,0.0,False
1751,37,1.6033698960206326,True
1752,-1,0.0,False
1753,-1,0.0,False
1754,-1,0.0,False
1755,75,1.4932050940885,True
1756,-1,0.0,False
1757,28,1.684605090661532,True
1758,-1,0.0,False
1759,43,1.4405675101824327,True
1760,54,1.6452215766211729,True
1761,-1,0.0,False
1762,-1,0.0,False
1763,-1,0.0,False
1764,-1,0.0,False
1765,-1,0.0,False
1766,-1,0.0,False
1767,24,1.5073048240890792,True
1768,-1,0.0,False
1769,-1,0.0,False
1770,-1,0.0,False
1771,-1,0.0,False
1772,-1,0.0,False
1773,-1,0.0,False
1774,90,1.6805982576714253,True
1775,-1,0.0,False
1776,-1,0.0,False
1777,-1,0.0,False
1778,47,1.5179884477441234,True
1779,25,1.6492852020310547,True
1780,35,1.8234244241703952,True
1781,-1,0.0,False
1782,52,1.6441946816266526,True
1783,-1,0.0,False
1784,-1,0.0,False
1785,-1,0.0,False
1786,-1,0.0,False
1787,-1,0.0,False
1788,8,1.6484992958864062,True
1789,-1,0.0,False
1790,-1,0.0,False
1791,48,1.7311553156018298,True
1792,-1,0.0,False
1793,-1,0.0,False
1794,-1,0.0,False
1795,74,1.6222654204872504,True
1796,-1,0.0,False
1797,67,1.6840361332325096,True
1798,-1,0.0,False
1799,43,1.6110218323488497,True
1800,-1,0.0,False
1801,-1,0.0,False
1802,72,1.538578346758851,True
1803,-1,0.0,False
1804,38,1.6244514634944416,True
1805,-1,0.0,False
1806,-1,0.0,False
1807,-1,0.0,False
1808,-1,0.0,False
1809,-1,0.0,False
1810,-1,0.0,False
1811,-1,0.0,False
1812,-1,0.0,False
1813,-1,0.0,False
1814,-1,0.0,False
1815,-1,0.0,False
1816,-1,0.0,False
1817,-1,0.0,False
1818,-1,0.0,False
1819,-1,0.0,False
1820,-1,0.0,False
1821,-1,0.0,False
1822,-1,0.0,False
1823,40,1.8302895343987753,True
1824,-1,0.0,False
1825,-1,0.0,False
1826,-1,0.0,False
1827,73,1.598915376129264,True
1828,-1,0.0,False
1829,-1,0.0,False
1830,36,1.5604267112171666,True
1831,-1,0.0,False
1832,-1,0.0,False
1833,-1,0.0,False
1834,-1,0.0,False
1835,-1,0.0,False
1836,-1,0.0,False
1837,-1,0.0,False
1838,0,1.5715041279553112,True
1839,-1,0.0,False
1840,22,1.5305483609623494,True
1841,-1,0.0,False
1842,-1,0.0,False
1843,-1,0.0,False
1844,17,1.8062700678953076,True
1845,-1,0.0,False
1846,-1,0.0,False
1847,-1,0.0,False
1848,-1,0.0,False
1849,-1,0.0,False
1850,-1,0.0,False
1851,-1,0.0,False
1852,-1,0.0,False
1853,-1,0.0,False
1854,47,1.5462093693037504,True
1855,67,1.7043112892686638,True
1856,-1,0.0,False
1857,-1,0.0,False
1858,-1,0.0,False
1859,-1,0.0,False
1860,-1,0.0,False
1861,-1,0.0,False
1862,-1,0.0,False
1863,-1,0.0,False
1864,-1,0.0,False
1865,-1,0.0,False
1866,-1,0.0,False
1867,-1,0.0,False
1868,-1,0.0,False
1869,-1,0.0,False
1870,78,1.5546996627848189,True
1871,54,1.492492505925393,True
1872,51,1.6680127820118351,True
1873,-1,0.0,False
1874,-1,0.0,False
1875,-1,0.0,False
1876,39,1.541485868132078,True
1877,-1,0.0,False
1878,-1,0.0,False
1879,52,1.4729765551809413,True
1880,-1,0.0,False
1881,-1,0.0,False
1882,48,1.6677465192963798,True
1883,47,1.5604888343730239,True
1884,8,1.6594922141664719,True
1885,-1,0.0,False
1886,-1,0.0,False
1887,-1,0.0,False
1888,-1,0.0,False
1889,-1,0.0,False
1890,-1,0.0,False
1891,-1,0.0,False
1892,28,1.5756325746543043,True
1893,92,1.4709367825508148,True
1894,54,1.6722455186622354,True
1895,-1,0.0,False
1896,82,1.5990086851415253,True
1897,-1,0.0,False
1898,-1,0.0,False
1899,-1,0.0,False
1900,-1,0.0,False
1901,-1,0.0,False
1902,88,1.639452304101916,True
1903,-1,0.0,False
1904,-1,0.0,False
1905,-1,0.0,False
1906,-1,0.0,False
1907,45,1.404406706423254,True
1908,-1,0.0,False
1909,-1,0.0,False
1910,-1,0.0,False
1911,1,1.803990006538879,True
1912,-1,0.0,False
1913,-1,0.0,False
1914,-1,0.0,False
1915,-1,0.0,False
1916,-1,0.0,False
1917,-1,0.0,False
1918,-1,0.0,False
1919,-1,0.0,False
1920,-1,0.0,False
1921,-1,0.0,False
1922,-1,0.0,False
1923,-1,0.0,False
1924,-1,0.0,False
1925,-1,0.0,False
1926,-1,0.0,False
1927,-1,0.0,False
1928,37,1.668527693501027,True
1929,-1,0.0,False
1930,-1,0.0,False
1931,-1,0.0,False
1932,-1,0.0,False
1933,80,1.6600339003608071,True
1934,-1,0.0,False
1935,58,1.804398756799364,True
1936,-1,0.0,False
1937,83,1.5928309317619578,True
1938,72,1.5502009838130952,True
1939,14,1.6064570822329722,True
1940,-1,0.0,False
1941,-1,0.0,False
1942,25,1.7023706071424352,True
1943,-1,0.0,False
1944,56,1.7945674875805677,True
1945,-1,0.0,False
1946,-1,0.0,False
1947,-1,0.0,False
1948,-1,0.0,False
1949,-1,0.0,False
1950,-1,0.0,False
1951,-1,0.0,False
1952,-1,0.0,False
1953,-1,0.0,False
1954,75,1.5343967247650974,True
1955,-1,0.0,False
1956,45,1.4243378523156336,True
1957,-1,0.0,False
1958,-1,0.0,False
1959,-1,0.0,False
1960,-1,0.0,False
1961,14,1.556616753073258,True
1962,50,1.729747270314479,True
1963,-1,0.0,False
1964,-1,0.0,False
1965,-1,0.0,False
1966,-1,0.0,False
1967,-1,0.0,False
1968,30,1.5995464557167112,True
1969,-1,0.0,False
1970,16,1.8832155116760125,True
1971,50,1.9286813584963798,True
1972,16,1.5409434372180002,True
1973,-1,0.0,False
1974,-1,0.0,False
1975,-1,0.0,False
1976,-1,0.0,False
1977,83,1.5216065818560685,True
1978,-1,0.0,False
1979,-1,0.0,False
1980,-1,0.0,False
1981,-1,0.0,False
1982,-1,0.0,False
1983,38,1.611483121043967,True
1984,-1,0.0,False
1985,69,1.5706970207396997,True
1986,-1,0.0,False
1987,-1,0.0,False
1988,-1,0.0,False
1989,90,1.6753090449739934,True
1990,54,1.6099781171995071,True
1991,-1,0.0,False
1992,-1,0.0,False
1993,-1,0.0,False
1994,38,1.6537092705846368,True
1995,-1,0.0,False
1996,-1,0.0,False
1997,-1,0.0,False
1998,-1,0.0,False
1999,64,1.5906182390203032,True
2000,-1,0.0,False
2001,28,1.7039626356070943,True
2002,16,1.8805508568198093,True
2003,-1,0.0,False
2004,-1,0.0,False
2005,28,1.723483416769279,True
2006,-1,0.0,False
2007,22,1.6050374432359436,True
2008,-1,0.0,False
2009,73,1.5955455392431028,True
2010,-1,0.0,False
2011,-1,0.0,False
2012,-1,0.0,False
2013,-1,0.0,False
2014,-1,0.0,False
2015,-1,0.0,False
2016,14,1.6316038275589158,True
2017,14,1.5580894260865814,True
2018,-1,0.0,False
2019,71,1.5337247836866716,True
2020,52,1.805016369535044,True
2021,-1,0.0,False
2022,-1,0.0,False
2023,-1,0.0,False
2024,-1,0.0,False
2025,-1,0.0,False
2026,-1,0.0,False
2027,-1,0.0,False
2028,-1,0.0,False
2029,-1,0.0,False
2030,-1,0.0,False
2031,-1,0.0,False
2032,-1,0.0,False
2033,-1,0.0,False
2034,-1,0.0,False
2035,-1,0.0,False
2036,12,1.5938934138237337,True
2037,-1,0.0,False
2038,-1,0.0,False
2039,-1,0.0,False
2040,23,1.6035334575686564,True
2041,-1,0.0,False
2042,52,1.645464771452629,True
2043,48,1.5545060936351247,True
2044,-1,0.0,False
2045,-1,0.0,False
2046,-1,0.0,False
2047,-1,0.0,False
2048,-1,0.0,False
2049,1,1.5685290381739863,True
2050,59,1.8928107919250556,True
2051,-1,0.0,False
2052,-1,0.0,False
2053,-1,0.0,False
2054,-1,0.0,False
2055,-1,0.0,False
2056,-1,0.0,False
2057,82,1.5928924715138182,True
2058,-1,0.0,False
2059,90,1.6945856747800203,True
2060,-1,0.0,False
2061,-1,0.0,False
2062,72,1.5508711438182228,True
2063,-1,0.0,False
2064,-1,0.0,False
2065,24,1.6344302159566158,True
2066,-1,0.0,False
2067,-1,0.0,False
2068,-1,0.0,False
2069,-1,0.0,False
2070,-1,0.0,False
2071,-1,0.0,False
2072,-1,0.0,False
2073,72,1.5834256858194293,True
2074,-1,0.0,False
2075,39,1.5249454828973064,True
2076,12,1.5255762151885937,True
2077,72,1.5861245957390318,True
2078,-1,0.0,False
2079,-1,0.0,False
2080,-1,0.0,False
2081,-1,0.0,False
2082,-1,0.0,False
2083,-1,0.0,False
2084,-1,0.0,False
2085,-1,0.0,False
2086,-1,0.0,False
2087,-1,0.0,False
2088,-1,0.0,False
2089,-1,0.0,False
2090,-1,0.0,False
2091,-1,0.0,False
2092,-1,0.0,False
2093,-1,0.0,False
2094,39,1.4758268881981451,True
2095,-1,0.0,False
2096,-1,0.0,False
2097,-1,0.0,False
2098,-1,0.0,False
2099,36,1.9034081154452567,True
2100,-1,0.0,False
2101,-1,0.0,False
2102,50,1.5754613937735913,True
2103,-1,0.0,False
2104,-1,0.0,False
2105,-1,0.0,False
2106,-1,0.0,False
2107,-1,0.0,False
2108,-1,0.0,False
2109,-1,0.0,False
2110,-1,0.0,False
2111,-1,0.0,False
2112,-1,0.0,False
2113,35,1.6133187764370618,True
2114,38,1.657765467747958,True
2115,-1,0.0,False
2116,16,1.7672502877016734,True
2117,-1,0.0,False
2118,50,1.8288818215810547,True
2119,-1,0.0,False
2120,93,1.8521693048318681,True
2121,-1,0.0,False
2122,-1,0.0,False
2123,25,1.6813435473922858,True
2124,-1,0.0,False
2125,-1,0.0,False
2126,-1,0.0,False
2127,-1,0.0,False
2128,-1,0.0,False
2129,-1,0.0,False
2130,74,1.5297312233820153,True
2131,71,1.4837741054942128,True
2132,87,1.5464862415595269,True
2133,-1,0.0,False
2134,71,1.5138196947443805,True
2135,-1,0.0,False
2136,-1,0.0,False
2137,8,1.5712569919692654,True
2138,-1,0.0,False
2139,-1,0.0,False
2140,54,1.6547377009514237,True
2141,-1,0.0,False
2142,8,1.6240116409482053,True
2143,-1,0.0,False
2144,-1,0.0,False
2145,30,1.6275842641202587,True
2146,-1,0.0,False
2147,36,1.8670533209384494,True
2148,-1,0.0,False
2149,0,1.5178684411582237,True
2150,-1,0.0,False
2151,-1,0.0,False
2152,72,1.5603571210112137,True
2153,-1,0.0,False
2154,-1,0.0,False
2155,-1,0.0,False
2156,-1,0.0,False
2157,-1,0.0,False
2158,33,1.9781706868748916,True
2159,67,1.6275761161148727,True
2160,64,1.7211923276752064,True
2161,-1,0.0,False
2162,-1,0.0,False
2163,-1,0.0,False
2164,-1,0.0,False
2165,-1,0.0,False
2166,36,1.6641621777690192,True
2167,-1,0.0,False
2168,-1,0.0,False
2169,-1,0.0,False
2170,68,1.5814812207805644,True
2171,-1,0.0,False
2172,-1,0.0,False
2173,-1,0.0,False
2174,-1,0.0,False
2175,-1,0.0,False
2176,24,1.4856304298129592,True
2177,-1,0.0,False
2178,59,1.6764435626965053,True
2179,-1,0.0,False
2180,-1,0.0,False
2181,-1,0.0,False
2182,-1,0.0,False
2183,-1,0.0,False
2184,-1,0.0,False
2185,-1,0.0,False
2186,-1,0.0,False
2187,-1,0.0,False
2188,-1,0.0,False
2189,-1,0.0,False
2190,-1,0.0,False
2191,-1,0.0,False
2192,-1,0.0,False
2193,-1,0.0,False
2194,-1,0.0,False
2195,36,1.639291619911655,True
2196,-1,0.0,False
2197,-1,0.0,False
2198,-1,0.0,False
2199,-1,0.0,False
2200,-1,0.0,False
2201,83,1.4713445045790334,True
2202,-1,0.0,False
2203,-1,0.0,False
2204,-1,0.0,False
2205,-1,0.0,False
2206,-1,0.0,False
2207,-1,0.0,False
2208,-1,0.0,False
2209,-1,0.0,False
2210,-1,0.0,False
2211,14,1.6168588565195394,True
2212,-1,0.0,False
2213,-1,0.0,False
2214,40,1.8652208291000991,True
2215,-1,0.0,False
2216,-1,0.0,False
2217,22,1.6060694725970452,True
2218,-1,0.0,False
2219,-1,0.0,False
2220,-1,0.0,False
2221,-1,0.0,False
2222,-1,0.0,False
2223,-1,0.0,False
2224,-1,0.0,False
2225,-1,0.0,False
2226,-1,0.0,False
2227,14,1.5889717734981526,True
2228,-1,0.0,False
2229,-1,0.0,False
2230,17,1.7305824238076173,True
2231,-1,0.0,False
2232,16,1.8079129236138125,True
2233,-1,0.0,False
2234,-1,0.0,False
2235,-1,0.0,False
2236,-1,0.0,False
2237,-1,0.0,False
2238,-1,0.0,False
2239,23,1.802613319992653,True
2240,-1,0.0,False
2241,-1,0.0,False
2242,-1,0.0,False
2243,30,1.5729860126844635,True
2244,-1,0.0,False
2245,-1,0.0,False
2246,56,1.742674059903061,True
2247,-1,0.0,False
2248,-1,0.0,False
2249,-1,0.0,False
2250,-1,0.0,False
2251,52,1.7404007487056665,True
2252,-1,0.0,False
2253,-1,0.0,False
2254,-1,0.0,False
2255,43,1.5393107163884192,True
2256,-1,0.0,False
2257,-1,0.0,False
2258,95,1.4485618327360252,True
2259,-1,0.0,False
2260,-1,0.0,False
2261,69,1.8320414965467196,True
2262,-1,0.0,False
2263,-1,0.0,False
2264,-1,0.0,False
2265,-1,0.0,False
2266,-1,0.0,False
2267,22,1.5260327555220257,True
2268,-1,0.0,False
2269,-1,0.0,False
2270,-1,0.0,False
2271,83,1.6984986504384287,True
2272,-1,0.0,False
2273,-1,0.0,False
2274,-1,0.0,False
2275,39,1.523288985836177,True
2276,-1,0.0,False
2277,-1,0.0,False
2278,-1,0.0,False
2279,-1,0.0,False
2280,35,1.6411335778489355,True
2281,12,1.6487382514625697,True
2282,-1,0.0,False
2283,-1,0.0,False
2284,-1,0.0,False
2285,-1,0.0,False
2286,-1,0.0,False
2287,-1,0.0,False
2288,-1,0.0,False
2289,-1,0.0,False
2290,68,1.5604636385398574,True
2291,-1,0.0,False
2292,-1,0.0,False
2293,-1,0.0,False
2294,82,1.5904866932968855,True
2295,-1,0.0,False
2296,-1,0.0,False
2297,-1,0.0,False
2298,-1,0.0,False
2299,-1,0.0,False
2300,-1,0.0,False
2301,-1,0.0,False
2302,-1,0.0,False
2303,-1,0.0,False
2304,28,1.6588788374490868,True
2305,-1,0.0,False
2306,-1,0.0,False
2307,-1,0.0,False
2308,-1,0.0,False
2309,-1,0.0,False
2310,-1,0.0,False
2311,-1,0.0,False
2312,-1,0.0,False
2313,-1,0.0,False
2314,-1,0.0,False
2315,-1,0.0,False
2316,-1,0.0,False
2317,-1,0.0,False
2318,-1,0.0,False
2319,-1,0.0,False
2320,-1,0.0,False
2321,-1,0.0,False
2322,-1,0.0,False
2323,62,1.7316550106977573,True
2324,-1,0.0,False
2325,-1,0.0,False
2326,-1,0.0,False
2327,-1,0.0,False
2328,-1,0.0,False
2329,-1,0.0,False
2330,-1,0.0,False
2331,-1,0.0,False
2332,-1,0.0,False
2333,-1,0.0,False
2334,51,1.4757100153638758,True
2335,-1,0.0,False
2336,-1,0.0,False
2337,-1,0.0,False
2338,-1,0.0,False
2339,-1,0.0,False
2340,-1,0.0,False
2341,-1,0.0,False
2342,-1,0.0,False
2343,-1,0.0,False
2344,-1,0.0,False
2345,-1,0.0,False
2346,-1,0.0,False
2347,-1,0.0,False
2348,62,1.6993148841874972,True
2349,-1,0.0,False
2350,58,1.7977051994340396,True
2351,24,1.5923370327077908,True
2352,-1,0.0,False
2353,-1,0.0,False
2354,-1,0.0,False
2355,-1,0.0,False
2356,-1,0.0,False
2357,-1,0.0,False
2358,-1,0.0,False
2359,-1,0.0,False
2360,43,1.6193065321316693,True
2361,-1,0.0,False
2362,-1,0.0,False
2363,-1,0.0,False
2364,-1,0.0,False
2365,-1,0.0,False
2366,50,1.5994022891764539,True
2367,72,1.551782283663222,True
2368,-1,0.0,False
2369,-1,0.0,False
2370,-1,0.0,False
2371,-1,0.0,False
2372,-1,0.0,False
2373,-1,0.0,False
2374,-1,0.0,False
2375,25,1.7251365827364133,True
2376,42,1.4564290786493284,True
2377,-1,0.0,False
2378,-1,0.0,False
2379,-1,0.0,False
2380,-1,0.0,False
2381,30,1.6316661278782685,True
2382,-1,0.0,False
2383,-1,0.0,False
2384,-1,0.0,False
2385,-1,0.0,False
2386,38,1.636301739112426,True
2387,-1,0.0,False
2388,-1,0.0,False
2389,-1,0.0,False
2390,33,1.8123289625755632,True
2391,72,1.5184408561327292,True
2392,-1,0.0,False
2393,-1,0.0,False
2394,-1,0.0,False
2395,-1,0.0,False
2396,-1,0.0,False
2397,47,1.5243111643413019,True
2398,37,1.7095813233806156,True
2399,40,1.8453681508973796,True
2400,-1,0.0,False
2401,-1,0.0,False
2402,-1,0.0,False
2403,-1,0.0,False
2404,-1,0.0,False
2405,22,1.4843173352340215,True
2406,-1,0.0,False
2407,-1,0.0,False
2408,-1,0.0,False
2409,56,1.7742330053526305,True
2410,-1,0.0,False
2411,-1,0.0,False
2412,-1,0.0,False
2413,-1,0.0,False
2414,24,1.6567119725638635,True
2415,-1,0.0,False
2416,-1,0.0,False
2417,-1,0.0,False
2418,74,1.665251771727227,True
2419,-1,0.0,False
2420,-1,0.0,False
2421,-1,0.0,False
2422,59,1.6277219079870182,True
2423,-1,0.0,False
2424,-1,0.0,False
2425,-1,0.0,False
2426,-1,0.0,False
2427,39,1.497073626092468,True
2428,-1,0.0,False
2429,-1,0.0,False
2430,-1,0.0,False
2431,-1,0.0,False
2432,-1,0.0,False
2433,-1,0.0,False
2434,-1,0.0,False
2435,24,1.657730472495662,True
2436,-1,0.0,False
2437,50,1.9316734468459402,True
2438,-1,0.0,False
2439,-1,0.0,False
2440,-1,0.0,False
2441,-1,0.0,False
2442,-1,0.0,False
2443,-1,0.0,False
2444,-1,0.0,False
2445,-1,0.0,False
2446,-1,0.0,False
2447,-1,0.0,False
2448,-1,0.0,False
2449,22,1.5884399372101599,True
2450,-1,0.0,False
2451,-1,0.0,False
2452,-1,0.0,False
2453,25,1.6464412032122095,True
2454,64,1.5470864081683096,True
2455,-1,0.0,False
2456,-1,0.0,False
2457,68,1.658526874192411,True
2458,-1,0.0,False
2459,-1,0.0,False
2460,-1,0.0,False
2461,-1,0.0,False
2462,-1,0.0,False
2463,-1,0.0,False
2464,-1,0.0,False
2465,37,1.6513375679666007,True
2466,-1,0.0,False
2467,-1,0.0,False
2468,-1,0.0,False
2469,-1,0.0,False
2470,-1,0.0,False
2471,40,1.7581585659112446,True
2472,-1,0.0,False
2473,-1,0.0,False
2474,80,1.6810169189528716,True
2475,-1,0.0,False
2476,-1,0.0,False
2477,-1,0.0,False
2478,-1,0.0,False
2479,-1,0.0,False
2480,-1,0.0,False
2481,14,1.5790859311440326,True
2482,-1,0.0,False
2483,-1,0.0,False
2484,74,1.677059531009661,True
2485,-1,0.0,False
2486,80,1.6589601880741285,True
2487,-1,0.0,False
2488,-1,0.0,False
2489,-1,0.0,False
2490,-1,0.0,False
2491,-1,0.0,False
2492,74,1.6675908151329732,True
2493,43,1.548382075650696,True
2494,-1,0.0,False
2495,-1,0.0,False
2496,-1,0.0,False
2497,8,1.6459479550439573,True
2498,-1,0.0,False
2499,-1,0.0,False
2500,-1,0.0,False
2501,-1,0.0,False
2502,37,1.7512075655320642,True
2503,-1,0.0,False
2504,-1,0.0,False
2505,-1,0.0,False
2506,-1,0.0,False
2507,-1,0.0,False
2508,28,1.6436170915797594,True
2509,-1,0.0,False
2510,-1,0.0,False
2511,-1,0.0,False
2512,-1,0.0,False
2513,-1,0.0,False
2514,-1,0.0,False
2515,-1,0.0,False
2516,-1,0.0,False
2517,-1,0.0,False
2518,-1,0.0,False
2519,17,1.6010866788180698,True
2520,-1,0.0,False
2521,83,1.7192141514922075,True
2522,-1,0.0,False
2523,-1,0.0,False
2524,-1,0.0,False
2525,-1,0.0,False
2526,-1,0.0,False
2527,-1,0.0,False
2528,-1,0.0,False
2529,16,1.632328448261577,True
2530,-1,0.0,False
2531,-1,0.0,False
2532,68,1.566719351394373,True
2533,-1,0.0,False
2534,-1,0.0,False
2535,-1,0.0,False
2536,-1,0.0,False
2537,-1,0.0,False
2538,-1,0.0,False
2539,-1,0.0,False
2540,-1,0.0,False
2541,30,1.6308058226355977,True
2542,-1,0.0,False
2543,38,1.5778707665809495,True
2544,-1,0.0,False
2545,-1,0.0,False
2546,82,1.6197025056991499,True
2547,52,1.7820780568592207,True
2548,-1,0.0,False
2549,-1,0.0,False
2550,-1,0.0,False
2551,-1,0.0,False
2552,-1,0.0,False
2553,-1,0.0,False
2554,-1,0.0,False
2555,69,1.44770975262632,True
2556,53,1.5264058531956723,True
2557,-1,0.0,False
2558,-1,0.0,False
2559,-1,0.0,False
2560,78,1.647546086264554,True
2561,-1,0.0,False
2562,64,1.6652215918945794,True
2563,-1,0.0,False
2564,-1,0.0,False
2565,-1,0.0,False
2566,-1,0.0,False
2567,-1,0.0,False
2568,-1,0.0,False
2569,52,1.7741049658652583,True
2570,-1,0.0,False
2571,-1,0.0,False
2572,-1,0.0,False
2573,39,1.5525933475256495,True
2574,42,1.4596656108999295,True
2575,-1,0.0,False
2576,-1,0.0,False
2577,-1,0.0,False
2578,-1,0.0,False
2579,-1,0.0,False
2580,-1,0.0,False
2581,59,1.7809463438925972,True
2582,-1,0.0,False
2583,-1,0.0,False
2584,-1,0.0,False
2585,88,1.6519487642396848,True
2586,-1,0.0,False
2587,59,1.8578085892241354,True
2588,-1,0.0,False
2589,-1,0.0,False
2590,-1,0.0,False
2591,-1,0.0,False
2592,-1,0.0,False
2593,54,1.5455119907291004,True
2594,-1,0.0,False
2595,-1,0.0,False
2596,-1,0.0,False
2597,53,1.4766578124968044,True
2598,-1,0.0,False
2599,-1,0.0,False
2600,30,1.6192165877541007,True
2601,-1,0.0,False
2602,51,1.6479426790079468,True
2603,-1,0.0,False
2604,-1,0.0,False
2605,28,1.6710848272745804,True
2606,48,1.803795599253312,True
2607,-1,0.0,False
2608,-1,0.0,False
2609,-1,0.0,False
2610,-1,0.0,False
2611,-1,0.0,False
2612,-1,0.0,False
2613,-1,0.0,False
2614,-1,0.0,False
2615,73,1.5251655154762813,True
2616,36,1.8101461910429177,True
2617,-1,0.0,False
2618,-1,0.0,False
2619,-1,0.0,False
2620,0,1.5468380223230633,True
2621,-1,0.0,False
2622,16,1.6190890405021006,True
2623,-1,0.0,False
2624,-1,0.0,False
2625,25,1.632114600532267,True
2626,17,1.534704953759247,True
2627,-1,0.0,False
2628,0,1.5181444709849727,True
2629,92,1.4746659346588693,True
2630,-1,0.0,False
2631,-1,0.0,False
2632,51,1.650575507383903,True
2633,-1,0.0,False
2634,-1,0.0,False
2635,-1,0.0,False
2636,-1,0.0,False
2637,-1,0.0,False
2638,-1,0.0,False
2639,-1,0.0,False
2640,-1,0.0,False
2641,-1,0.0,False
2642,64,1.6379024023036464,True
2643,-1,0.0,False
2644,-1,0.0,False
2645,-1,0.0,False
2646,-1,0.0,False
2647,-1,0.0,False
2648,-1,0.0,False
2649,-1,0.0,False
2650,-1,0.0,False
2651,50,1.6229489757350946,True
2652,-1,0.0,False
2653,-1,0.0,False
2654,37,1.6359090721123137,True
2655,-1,0.0,False
2656,-1,0.0,False
2657,-1,0.0,False
2658,1,1.7629146003874383,True
2659,12,1.626845028961017,True
2660,-1,0.0,False
2661,-1,0.0,False
2662,-1,0.0,False
2663,-1,0.0,False
2664,-1,0.0,False
2665,-1,0.0,False
2666,-1,0.0,False
2667,-1,0.0,False
2668,43,1.6091446811341705,True
2669,-1,0.0,False
2670,-1,0.0,False
2671,-1,0.0,False
2672,-1,0.0,False
2673,-1,0.0,False
2674,-1,0.0,False
2675,-1,0.0,False
2676,80,1.6699766567627545,True
2677,-1,0.0,False
2678,-1,0.0,False
2679,-1,0.0,False
2680,-1,0.0,False
2681,-1,0.0,False
2682,-1,0.0,False
2683,-1,0.0,False
2684,-1,0.0,False
2685,-1,0.0,False
2686,23,1.6151678164590968,True
2687,-1,0.0,False
2688,-1,0.0,False
2689,-1,0.0,False
2690,-1,0.0,False
2691,-1,0.0,False
2692,-1,0.0,False
2693,17,1.5712338462228113,True
2694,-1,0.0,False
2695,-1,0.0,False
2696,-1,0.0,False
2697,-1,0.0,False
2698,-1,0.0,False
2699,-1,0.0,False
2700,-1,0.0,False
2701,-1,0.0,False
2702,-1,0.0,False
2703,-1,0.0,False
2704,-1,0.0,False
2705,48,1.554303240599358,True
2706,82,1.5898118017276168,True
2707,-1,0.0,False
2708,-1,0.0,False
2709,48,1.6234183634340518,True
2710,-1,0.0,False
2711,-1,0.0,False
2712,-1,0.0,False
2713,39,1.5696911543229857,True
2714,48,1.579929466223875,True
2715,54,1.715929303067723,True
2716,56,1.6058836619278365,True
2717,1,1.6356953701780763,True
2718,50,1.632380788295194,True
2719,-1,0.0,False
2720,-1,0.0,False
2721,-1,0.0,False
2722,-1,0.0,False
2723,-1,0.0,False
2724,-1,0.0,False
2725,-1,0.0,False
2726,-1,0.0,False
2727,-1,0.0,False
2728,-1,0.0,False
2729,-1,0.0,False
2730,-1,0.0,False
2731,-1,0.0,False
2732,-1,0.0,False
2733,-1,0.0,False
2734,36,1.7114464426300764,True
2735,25,1.8242070767192466,True
2736,-1,0.0,False
2737,-1,0.0,False
2738,58,1.6411119291281389,True
2739,-1,0.0,False
2740,-1,0.0,False
2741,-1,0.0,False
2742,-1,0.0,False
2743,-1,0.0,False
2744,-1,0.0,False
2745,-1,0.0,False
2746,-1,0.0,False
2747,40,1.588337673048792,True
2748,53,1.4148606053898054,True
2749,-1,0.0,False
2750,-1,0.0,False
2751,-1,0.0,False
2752,54,1.5923145707885071,True
2753,93,1.74218776030133,True
2754,-1,0.0,False
2755,-1,0.0,False
2756,-1,0.0,False
2757,-1,0.0,False
2758,93,1.7028691780708112,True
2759,-1,0.0,False
2760,16,1.817249599595982,True
2761,-1,0.0,False
2762,-1,0.0,False
2763,-1,0.0,False
2764,-1,0.0,False
2765,88,1.7325745055099744,True
2766,-1,0.0,False
2767,-1,0.0,False
2768,-1,0.0,False
2769,64,1.7000856839209004,True
2770,-1,0.0,False
2771,8,1.5929997403554448,True
2772,69,1.8319322699881315,True
2773,-1,0.0,False
2774,-1,0.0,False
2775,-1,0.0,False
2776,53,1.536296107064707,True
2777,-1,0.0,False
2778,-1,0.0,False
2779,-1,0.0,False
2780,-1,0.0,False
2781,-1,0.0,False
2782,-1,0.0,False
2783,-1,0.0,False
2784,-1,0.0,False
2785,-1,0.0,False
2786,-1,0.0,False
2787,80,1.659821851526321,True
2788,-1,0.0,False
2789,35,1.5290398062625197,True
2790,-1,0.0,False
2791,-1,0.0,False
2792,-1,0.0,False
2793,82,1.6193893718295589,True
2794,-1,0.0,False
2795,-1,0.0,False
2796,-1,0.0,False
2797,62,1.5230533640017478,True
2798,-1,0.0,False
2799,-1,0.0,False
2800,-1,0.0,False
2801,2,1.6251956746973784,True
2802,14,1.5683689966658032,True
2803,-1,0.0,False
2804,-1,0.0,False
2805,-1,0.0,False
2806,-1,0.0,False
2807,-1,0.0,False
2808,35,1.6106839703462108,True
2809,-1,0.0,False
2810,-1,0.0,False
2811,-1,0.0,False
2812,78,1.7309636843713174,True
2813,-1,0.0,False
2814,-1,0.0,False
2815,-1,0.0,False
2816,48,1.839403706087744,True
2817,-1,0.0,False
2818,-1,0.0,False
2819,78,1.7404708408390226,True
2820,-1,0.0,False
2821,-1,0.0,False
2822,-1,0.0,False
2823,-1,0.0,False
2824,38,1.5925552514126382,True
2825,67,1.6385314149944321,True
2826,-1,0.0,False
2827,-1,0.0,False
2828,-1,0.0,False
2829,-1,0.0,False
2830,71,1.6480129037525941,True
2831,-1,0.0,False
2832,-1,0.0,False
2833,-1,0.0,False
2834,-1,0.0,False
2835,-1,0.0,False
2836,-1,0.0,False
2837,-1,0.0,False
2838,90,1.668601732604046,True
2839,-1,0.0,False
2840,22,1.6563654355001691,True
2841,-1,0.0,False
2842,72,1.5320254104101596,True
2843,-1,0.0,False
2844,88,1.6589180573517677,True
2845,-1,0.0,False
2846,72,1.5718661465378476,True
2847,-1,0.0,False
2848,-1,0.0,False
2849,-1,0.0,False
2850,-1,0.0,False
2851,62,1.7255445461976433,True
2852,-1,0.0,False
2853,-1,0.0,False
2854,-1,0.0,False
2855,-1,0.0,False
2856,-1,0.0,False
2857,-1,0.0,False
2858,-1,0.0,False
2859,-1,0.0,False
2860,-1,0.0,False
2861,58,1.7705261373479242,True
2862,-1,0.0,False
2863,39,1.5666477241124244,True
2864,-1,0.0,False
2865,36,1.6495888689400648,True
2866,-1,0.0,False
2867,-1,0.0,False
2868,-1,0.0,False
2869,-1,0.0,False
2870,62,1.758893411638344,True
2871,93,1.6445212929987796,True
2872,-1,0.0,False
2873,-1,0.0,False
2874,-1,0.0,False
2875,-1,0.0,False
2876,-1,0.0,False
2877,47,1.5508062416446653,True
2878,-1,0.0,False
2879,-1,0.0,False
2880,-1,0.0,False
2881,-1,0.0,False
2882,80,1.516608410366304,True
2883,-1,0.0,False
2884,80,1.6427917637324332,True
2885,-1,0.0,False
2886,-1,0.0,False
2887,-1,0.0,False
2888,37,1.728953064951229,True
2889,8,1.6714602596496435,True
2890,-1,0.0,False
2891,64,1.8428231899290057,True
2892,-1,0.0,False
2893,-1,0.0,False
2894,-1,0.0,False
2895,12,1.6614138438463173,True
2896,54,1.692185709049542,True
2897,-1,0.0,False
2898,37,1.7428528138654893,True
2899,-1,0.0,False
2900,-1,0.0,False
2901,-1,0.0,False
2902,-1,0.0,False
2903,51,1.4738154168811377,True
2904,93,1.6098470243452772,True
2905,-1,0.0,False
2906,88,1.687449140367109,True
2907,-1,0.0,False
2908,-1,0.0,False
2909,0,1.5669922212445724,True
2910,-1,0.0,False
2911,-1,0.0,False
2912,-1,0.0,False
2913,-1,0.0,False
2914,-1,0.0,False
2915,-1,0.0,False
2916,-1,0.0,False
2917,-1,0.0,False
2918,-1,0.0,False
2919,-1,0.0,False
2920,-1,0.0,False
2921,16,1.767347308884649,True
2922,36,1.6996597858792277,True
2923,-1,0.0,False
2924,-1,0.0,False
2925,-1,0.0,False
2926,-1,0.0,False
2927,-1,0.0,False
2928,-1,0.0,False
2929,-1,0.0,False
2930,-1,0.0,False
2931,-1,0.0,False
2932,-1,0.0,False
2933,8,1.640578985338471,True
2934,-1,0.0,False
2935,-1,0.0,False
2936,-1,0.0,False
2937,62,1.6825288804476966,True
2938,67,1.9749213571609814,True
2939,-1,0.0,False
2940,25,1.663626056091208,True
2941,-1,0.0,False
2942,-1,0.0,False
2943,-1,0.0,False
2944,-1,0.0,False
2945,40,1.608419126328402,True
2946,48,1.702150097361754,True
2947,-1,0.0,False
2948,-1,0.0,False
2949,-1,0.0,False
2950,-1,0.0,False
2951,-1,0.0,False
2952,22,1.5927510427938085,True
2953,23,1.6831092658521074,True
2954,-1,0.0,False
2955,36,1.8009336824104714,True
2956,24,1.615262959989061,True
2957,-1,0.0,False
2958,-1,0.0,False
2959,-1,0.0,False
2960,-1,0.0,False
2961,-1,0.0,False
2962,-1,0.0,False
2963,-1,0.0,False
2964,-1,0.0,False
2965,-1,0.0,False
2966,-1,0.0,False
2967,-1,0.0,False
2968,80,1.5951004486234774,True
2969,62,1.6182321806102067,True
2970,-1,0.0,False
2971,-1,0.0,False
2972,33,1.6736530764669468,True
2973,-1,0.0,False
2974,82,1.5058075135977202,True
2975,-1,0.0,False
2976,54,1.714059500243359,True
2977,69,1.6611120149796286,True
2978,-1,0.0,False
2979,67,1.694586552680258,True
2980,-1,0.0,False
2981,50,1.7337753600221193,True
2982,17,1.7868213447464707,True
2983,-1,0.0,False
2984,-1,0.0,False
2985,-1,0.0,False
2986,-1,0.0,False
2987,-1,0.0,False
2988,-1,0.0,False
2989,-1,0.0,False
2990,-1,0.0,False
2991,-1,0.0,False
2992,-1,0.0,False
2993,-1,0.0,False
2994,-1,0.0,False
2995,-1,0.0,False
2996,50,1.8644860816275253,True
2997,0,1.4767373411587639,True
2998,-1,0.0,False
2999,68,1.527306304794533,True
3000,14,1.5185411124501158,True
3001,-1,0.0,False
3002,-1,0.0,False
3003,35,1.7431894280248648,True
3004,-1,0.0,False
3005,-1,0.0,False
3006,-1,0.0,False
3007,2,1.638917711202014,True
3008,-1,0.0,False
3009,-1,0.0,False
3010,-1,0.0,False
3011,-1,0.0,False
3012,39,1.5592734000561492,True
3013,-1,0.0,False
3014,83,1.651218011403121,True
3015,-1,0.0,False
3016,-1,0.0,False
3017,-1,0.0,False
3018,-1,0.0,False
3019,-1,0.0,False
3020,-1,0.0,False
3021,-1,0.0,False
3022,-1,0.0,False
3023,-1,0.0,False
3024,-1,0.0,False
3025,-1,0.0,False
3026,-1,0.0,False
3027,-1,0.0,False
3028,-1,0.0,False
3029,0,1.3668778364498566,True
3030,75,1.5389206106897713,True
3031,51,1.4567245712908288,True
3032,-1,0.0,False
3033,-1,0.0,False
3034,-1,0.0,False
3035,-1,0.0,False
3036,-1,0.0,False
3037,-1,0.0,False
3038,-1,0.0,False
3039,-1,0.0,False
3040,-1,0.0,False
3041,-1,0.0,False
3042,-1,0.0,False
3043,-1,0.0,False
3044,-1,0.0,False
3045,-1,0.0,False
3046,-1,0.0,False
3047,-1,0.0,False
3048,0,1.5528202199178276,True
3049,-1,0.0,False
3050,-1,0.0,False
3051,-1,0.0,False
3052,-1,0.0,False
3053,-1,0.0,False
3054,-1,0.0,False
3055,-1,0.0,False
3056,-1,0.0,False
3057,-1,0.0,False
3058,-1,0.0,False
3059,53,1.5371349560749454,True
3060,-1,0.0,False
3061,-1,0.0,False
3062,-1,0.0,False
3063,42,1.4449753969491717,True
3064,-1,0.0,False
3065,-1,0.0,False
3066,-1,0.0,False
3067,36,1.828317868392484,True
3068,-1,0.0,False
3069,38,1.5244240872082,True
3070,-1,0.0,False
3071,-1,0.0,False
3072,-1,0.0,False
3073,-1,0.0,False
3074,35,1.8086619239217816,True
3075,36,1.8413278599441674,True
3076,-1,0.0,False
3077,-1,0.0,False
3078,-1,0.0,False
3079,-1,0.0,False
3080,-1,0.0,False
3081,17,1.8138444695892209,True
3082,-1,0.0,False
3083,58,1.7962259604540374,True
3084,-1,0.0,False
3085,39,1.573959372221042,True
3086,-1,0.0,False
3087,-1,0.0,False
3088,37,1.74322226959293,True
3089,-1,0.0,False
3090,8,1.6786097571438354,True
3091,-1,0.0,False
3092,-1,0.0,False
3093,-1,0.0,False
3094,-1,0.0,False
3095,-1,0.0,False
3096,-1,0.0,False
3097,-1,0.0,False
3098,51,1.6272120434755841,True
3099,-1,0.0,False
3100,-1,0.0,False
3101,-1,0.0,False
3102,-1,0.0,False
3103,38,1.622432230596422,True
3104,47,1.551850458336298,True
3105,-1,0.0,False
3106,8,1.6683833723076842,True
3107,58,1.7603272727498052,True
3108,69,1.7074225110330898,True
3109,14,1.594609738886395,True
3110,-1,0.0,False
3111,-1,0.0,False
3112,14,1.615091245986582,True
3113,-1,0.0,False
3114,-1,0.0,False
3115,-1,0.0,False
3116,-1,0.0,False
3117,-1,0.0,False
3118,-1,0.0,False
3119,-1,0.0,False
3120,-1,0.0,False
3121,-1,0.0,False
3122,-1,0.0,False
3123,-1,0.0,False
3124,-1,0.0,False
3125,16,1.8000361635421105,True
3126,93,1.72764071954082,True
3127,-1,0.0,False
3128,-1,0.0,False
3129,-1,0.0,False
3130,-1,0.0,False
3131,-1,0.0,False
3132,-1,0.0,False
3133,-1,0.0,False
3134,-1,0.0,False
3135,-1,0.0,False
3136,43,1.5642691136597873,True
3137,-1,0.0,False
3138,-1,0.0,False
3139,-1,0.0,False
3140,59,1.8338818270058486,True
3141,-1,0.0,False
3142,90,1.6011765179171595,True
3143,0,1.5102068433718379,True
3144,87,1.6053925028273897,True
3145,-1,0.0,False
3146,-1,0.0,False
3147,-1,0.0,False
3148,51,1.6879696618768212,True
3149,53,1.5362221412885697,True
3150,47,1.562442372684468,True
3151,-1,0.0,False
3152,-1,0.0,False
3153,-1,0.0,False
3154,58,1.570057841623921,True
3155,-1,0.0,False
3156,51,1.6864577451288345,True
3157,-1,0.0,False
3158,-1,0.0,False
3159,-1,0.0,False
3160,-1,0.0,False
3161,-1,0.0,False
3162,-1,0.0,False
3163,-1,0.0,False
3164,-1,0.0,False
3165,-1,0.0,False
3166,33,1.9224150642976934,True
3167,-1,0.0,False
3168,-1,0.0,False
3169,-1,0.0,False
3170,-1,0.0,False
3171,-1,0.0,False
3172,-1,0.0,False
3173,-1,0.0,False
3174,-1,0.0,False
3175,-1,0.0,False
3176,-1,0.0,False
3177,23,1.7029332312765761,True
3178,-1,0.0,False
3179,30,1.5681584312840675,True
3180,-1,0.0,False
3181,-1,0.0,False
3182,-1,0.0,False
3183,-1,0.0,False
3184,-1,0.0,False
3185,12,1.5685082412397895,True
3186,-1,0.0,False
3187,-1,0.0,False
3188,-1,0.0,False
3189,-1,0.0,False
3190,-1,0.0,False
3191,-1,0.0,False
3192,-1,0.0,False
3193,-1,0.0,False
3194,-1,0.0,False
3195,8,1.5801519154225596,True
3196,-1,0.0,False
3197,-1,0.0,False
3198,-1,0.0,False
3199,-1,0.0,False
3200,-1,0.0,False
3201,56,1.6822971444196442,True
3202,-1,0.0,False
3203,-1,0.0,False
3204,-1,0.0,False
3205,-1,0.0,False
3206,-1,0.0,False
3207,23,1.7361007886098982,True
3208,-1,0.0,False
3209,-1,0.0,False
3210,-1,0.0,False
3211,-1,0.0,False
3212,-1,0.0,False
3213,-1,0.0,False
3214,-1,0.0,False
3215,2,1.6663458785820406,True
3216,-1,0.0,False
3217,-1,0.0,False
3218,-1,0.0,False
3219,-1,0.0,False
3220,-1,0.0,False
3221,-1,0.0,False
3222,-1,0.0,False
3223,-1,0.0,False
3224,-1,0.0,False
3225,-1,0.0,False
3226,-1,0.0,False
3227,-1,0.0,False
3228,43,1.5923612427340874,True
3229,35,1.9338312320747253,True
3230,-1,0.0,False
3231,-1,0.0,False
3232,-1,0.0,False
3233,-1,0.0,False
3234,51,1.6744729474425288,True
3235,82,1.5658137579352158,True
3236,-1,0.0,False
3237,-1,0.0,False
3238,2,1.648968965619133,True
3239,80,1.6324593867955697,True
3240,-1,0.0,False
3241,-1,0.0,False
3242,-1,0.0,False
3243,72,1.5858311948517385,True
3244,-1,0.0,False
3245,-1,0.0,False
3246,-1,0.0,False
3247,24,1.628389250230852,True
3248,37,1.5948860939958176,True
3249,28,1.5937848286549416,True
3250,-1,0.0,False
3251,-1,0.0,False
3252,-1,0.0,False
3253,-1,0.0,False
3254,-1,0.0,False
3255,-1,0.0,False
3256,-1,0.0,False
3257,-1,0.0,False
3258,-1,0.0,False
3259,-1,0.0,False
3260,-1,0.0,False
3261,-1,0.0,False
3262,-1,0.0,False
3263,-1,0.0,False
3264,-1,0.0,False
3265,-1,0.0,False
3266,-1,0.0,False
3267,52,1.809158523209374,True
3268,-1,0.0,False
3269,-1,0.0,False
3270,-1,0.0,False
3271,-1,0.0,False
3272,-1,0.0,False
3273,-1,0.0,False
3274,-1,0.0,False
3275,-1,0.0,False
3276,-1,0.0,False
3277,-1,0.0,False
3278,-1,0.0,False
3279,-1,0.0,False
3280,-1,0.0,False
3281,-1,0.0,False
3282,-1,0.0,False
3283,47,1.5181432185246047,True
3284,-1,0.0,False
3285,-1,0.0,False
3286,-1,0.0,False
3287,-1,0.0,False
3288,-1,0.0,False
3289,40,1.5686331332075798,True
3290,87,1.5954813897419582,True
3291,-1,0.0,False
3292,-1,0.0,False
3293,-1,0.0,False
3294,40,1.7433033737084482,True
3295,-1,0.0,False
3296,-1,0.0,False
3297,-1,0.0,False
3298,0,1.4534442472145055,True
3299,-1,0.0,False
3300,-1,0.0,False
3301,-1,0.0,False
3302,35,1.9643850465938983,True
3303,-1,0.0,False
3304,-1,0.0,False
3305,-1,0.0,False
3306,-1,0.0,False
3307,-1,0.0,False
3308,-1,0.0,False
3309,17,1.6053539781395616,True
3310,-1,0.0,False
3311,0,1.5384918103048415,True
3312,78,1.59330558047317,True
3313,-1,0.0,False
3314,12,1.5398107160904986,True
3315,-1,0.0,False
3316,-1,0.0,False
3317,-1,0.0,False
3318,-1,0.0,False
3319,59,1.5975574157176369,True
3320,-1,0.0,False
3321,-1,0.0,False
3322,58,1.6775713937020131,True
3323,-1,0.0,False
3324,68,1.6642317205052115,True
3325,24,1.6406484803640884,True
3326,93,1.8327745224071612,True
3327,-1,0.0,False
3328,-1,0.0,False
3329,-1,0.0,False
3330,-1,0.0,False
3331,28,1.7034786619196516,True
3332,-1,0.0,False
3333,-1,0.0,False
3334,-1,0.0,False
3335,-1,0.0,False
3336,-1,0.0,False
3337,-1,0.0,False
3338,-1,0.0,False
3339,-1,0.0,False
3340,25,1.5801854506692488,True
3341,-1,0.0,False
3342,-1,0.0,False
3343,-1,0.0,False
3344,-1,0.0,False
3345,-1,0.0,False
3346,-1,0.0,False
3347,-1,0.0,False
3348,69,1.7804276875197202,True
3349,53,1.551506750181001,True
3350,-1,0.0,False
3351,-1,0.0,False
3352,-1,0.0,False
3353,-1,0.0,False
3354,-1,0.0,False
3355,28,1.6253811049904567,True
3356,54,1.6743919231031326,True
3357,-1,0.0,False
3358,-1,0.0,False
3359,-1,0.0,False
3360,52,1.735425475153677,True
3361,37,1.6452375279789275,True
3362,58,1.616242479734212,True
3363,-1,0.0,False
3364,80,1.6712064889987777,True
3365,-1,0.0,False
3366,-1,0.0,False
3367,-1,0.0,False
3368,-1,0.0,False
3369,-1,0.0,False
3370,30,1.5603632618504886,True
3371,-1,0.0,False
3372,-1,0.0,False
3373,-1,0.0,False
3374,-1,0.0,False
3375,64,1.831471149141516,True
3376,-1,0.0,False
3377,-1,0.0,False
3378,-1,0.0,False
3379,-1,0.0,False
3380,-1,0.0,False
3381,-1,0.0,False
3382,-1,0.0,False
3383,-1,0.0,False
3384,-1,0.0,False
3385,-1,0.0,False
3386,-1,0.0,False
3387,-1,0.0,False
3388,-1,0.0,False
3389,-1,0.0,False
3390,-1,0.0,False
3391,-1,0.0,False
3392,-1,0.0,False
3393,-1,0.0,False
3394,-1,0.0,False
3395,-1,0.0,False
3396,-1,0.0,False
3397,-1,0.0,False
3398,-1,0.0,False
3399,-1,0.0,False
3400,-1,0.0,False
3401,-1,0.0,False
3402,-1,0.0,False
3403,-1,0.0,False
3404,-1,0.0,False
3405,-1,0.0,False
3406,-1,0.0,False
3407,-1,0.0,False
3408,-1,0.0,False
3409,-1,0.0,False
3410,-1,0.0,False
3411,-1,0.0,False
3412,-1,0.0,False
3413,-1,0.0,False
3414,17,1.628821392359196,True
3415,47,1.5348073351921088,True
3416,-1,0.0,False
3417,-1,0.0,False
3418,-1,0.0,False
3419,-1,0.0,False
3420,62,1.7479345634622059,True
3421,88,1.5664896936201487,True
3422,-1,0.0,False
3423,-1,0.0,False
3424,-1,0.0,False
3425,-1,0.0,False
3426,83,1.6974873602442797,True
3427,-1,0.0,False
3428,-1,0.0,False
3429,-1,0.0,False
3430,-1,0.0,False
3431,-1,0.0,False
3432,2,1.6045242823244665,True
3433,-1,0.0,False
3434,-1,0.0,False
3435,-1,0.0,False
3436,-1,0.0,False
3437,-1,0.0,False
3438,69,1.7694535589784572,True
3439,-1,0.0,False
3440,-1,0.0,False
3441,-1,0.0,False
3442,-1,0.0,False
3443,-1,0.0,False
3444,-1,0.0,False
3445,-1,0.0,False
3446,-1,0.0,False
3447,-1,0.0,False
3448,48,1.596091849644323,True
3449,-1,0.0,False
3450,-1,0.0,False
3451,-1,0.0,False
3452,-1,0.0,False
3453,-1,0.0,False
3454,-1,0.0,False
3455,59,1.723459160473889,True
3456,-1,0.0,False
3457,-1,0.0,False
3458,-1,0.0,False
3459,22,1.5480254116538996,True
3460,-1,0.0,False
3461,-1,0.0,False
3462,-1,0.0,False
3463,43,1.5658192263135975,True
3464,-1,0.0,False
3465,51,1.6255110447246193,True
3466,-1,0.0,False
3467,54,1.637880894291726,True
3468,53,1.547288841248461,True
3469,-1,0.0,False
3470,-1,0.0,False
3471,-1,0.0,False
3472,-1,0.0,False
3473,-1,0.0,False
3474,-1,0.0,False
3475,14,1.5990969518379883,True
3476,74,1.6477653337822624,True
3477,-1,0.0,False
3478,-1,0.0,False
3479,2,1.649968086022053,True
3480,-1,0.0,False
3481,-1,0.0,False
3482,-1,0.0,False
3483,33,1.773325448036434,True
3484,71,1.6489264987440533,True
3485,25,1.7903185457111666,True
3486,67,1.7696332958166194,True
3487,-1,0.0,False
3488,-1,0.0,False
3489,-1,0.0,False
3490,-1,0.0,False
3491,-1,0.0,False
3492,-1,0.0,False
3493,-1,0.0,False
3494,-1,0.0,False
3495,-1,0.0,False
3496,-1,0.0,False
3497,-1,0.0,False
3498,82,1.6029494832519413,True
3499,51,1.5599457108624373,True
3500,-1,0.0,False
3501,-1,0.0,False
3502,-1,0.0,False
3503,-1,0.0,False
3504,80,1.5048672072900153,True
3505,-1,0.0,False
3506,-1,0.0,False
3507,37,1.6201471146740454,True
3508,-1,0.0,False
3509,47,1.559363137039408,True
3510,-1,0.0,False
3511,-1,0.0,False
3512,1,1.5823195037272284,True
3513,-1,0.0,False
3514,-1,0.0,False
3515,-1,0.0,False
3516,-1,0.0,False
3517,-1,0.0,False
3518,-1,0.0,False
3519,-1,0.0,False
3520,-1,0.0,False
3521,-1,0.0,False
3522,-1,0.0,False
3523,-1,0.0,False
3524,-1,0.0,False
3525,73,1.5281483242207488,True
3526,33,1.6499709095626283,True
3527,48,1.5643978126282883,True
3528,33,1.8336986231467876,True
3529,43,1.5905847456647462,True
3530,83,1.7366868217523268,True
3531,-1,0.0,False
3532,-1,0.0,False
3533,-1,0.0,False
3534,-1,0.0,False
3535,-1,0.0,False
3536,-1,0.0,False
3537,82,1.5679505118672652,True
3538,-1,0.0,False
3539,74,1.6804878340418763,True
3540,-1,0.0,False
3541,-1,0.0,False
3542,-1,0.0,False
3543,-1,0.0,False
3544,-1,0.0,False
3545,-1,0.0,False
3546,-1,0.0,False
3547,-1,0.0,False
3548,-1,0.0,False
3549,12,1.688364539917384,True
3550,-1,0.0,False
3551,-1,0.0,False
3552,-1,0.0,False
3553,-1,0.0,False
3554,-1,0.0,False
3555,-1,0.0,False
3556,-1,0.0,False
3557,-1,0.0,False
3558,-1,0.0,False
3559,-1,0.0,False
3560,28,1.7223446353183616,True
3561,-1,0.0,False
3562,-1,0.0,False
3563,-1,0.0,False
3564,88,1.6881293162992366,True
3565,1,1.6960378182705207,True
3566,-1,0.0,False
3567,-1,0.0,False
3568,-1,0.0,False
3569,-1,0.0,False
3570,-1,0.0,False
3571,-1,0.0,False
3572,-1,0.0,False
3573,58,1.6256164573159828,True
3574,-1,0.0,False
3575,-1,0.0,False
3576,72,1.571086515101956,True
3577,-1,0.0,False
3578,-1,0.0,False
3579,-1,0.0,False
3580,-1,0.0,False
3581,-1,0.0,False
3582,-1,0.0,False
3583,-1,0.0,False
3584,-1,0.0,False
3585,-1,0.0,False
3586,-1,0.0,False
3587,-1,0.0,False
3588,-1,0.0,False
3589,-1,0.0,False
3590,-1,0.0,False
3591,-1,0.0,False
3592,-1,0.0,False
3593,93,1.7961748117962908,True
3594,-1,0.0,False
3595,-1,0.0,False
3596,-1,0.0,False
3597,-1,0.0,False
3598,1,1.6797519508851844,True
3599,42,1.4521598495606356,True
3600,-1,0.0,False
3601,59,1.7291370014419507,True
3602,-1,0.0,False
3603,78,1.6305233275174595,True
3604,-1,0.0,False
3605,-1,0.0,False
3606,23,1.670121038572277,True
3607,-1,0.0,False
3608,-1,0.0,False
3609,-1,0.0,False
3610,-1,0.0,False
3611,-1,0.0,False
3612,-1,0.0,False
3613,-1,0.0,False
3614,56,1.736742641419077,True
3615,-1,0.0,False
3616,-1,0.0,False
3617,56,1.5286052885291292,True
3618,-1,0.0,False
3619,-1,0.0,False
3620,-1,0.0,False
3621,-1,0.0,False
3622,73,1.5016431420428225,True
3623,-1,0.0,False
3624,-1,0.0,False
3625,-1,0.0,False
3626,-1,0.0,False
3627,-1,0.0,False
3628,-1,0.0,False
3629,-1,0.0,False
3630,-1,0.0,False
3631,-1,0.0,False
3632,67,1.5561530980696872,True
3633,-1,0.0,False
3634,-1,0.0,False
3635,-1,0.0,False
3636,-1,0.0,False
3637,-1,0.0,False
3638,-1,0.0,False
3639,-1,0.0,False
3640,-1,0.0,False
3641,68,1.5915541879177058,True
3642,83,1.5933387486850075,True
3643,-1,0.0,False
3644,-1,0.0,False
3645,-1,0.0,False
3646,-1,0.0,False
3647,-1,0.0,False
3648,64,1.65567289824379,True
3649,22,1.6055226374043663,True
3650,39,1.575677461158147,True
3651,-1,0.0,False
3652,-1,0.0,False
3653,-1,0.0,False
3654,-1,0.0,False
3655,-1,0.0,False
3656,-1,0.0,False
3657,24,1.5430734169894114,True
3658,-1,0.0,False
3659,-1,0.0,False
3660,-1,0.0,False
3661,-1,0.0,False
3662,73,1.5614411978768579,True
3663,50,1.8477530077768503,True
3664,-1,0.0,False
3665,-1,0.0,False
3666,39,1.5405999166699156,True
3667,-1,0.0,False
3668,-1,0.0,False
3669,-1,0.0,False
3670,-1,0.0,False
3671,-1,0.0,False
3672,54,1.7571390114285945,True
3673,-1,0.0,False
3674,12,1.5952227279542341,True
3675,-1,0.0,False
3676,-1,0.0,False
3677,-1,0.0,False
3678,8,1.6252690996785821,True
3679,67,1.659259764055789,True
3680,-1,0.0,False
3681,-1,0.0,False
3682,-1,0.0,False
3683,-1,0.0,False
3684,-1,0.0,False
3685,-1,0.0,False
3686,56,1.715367971142633,True
3687,90,1.5391965036748982,True
3688,-1,0.0,False
3689,-1,0.0,False
3690,56,1.7762866382727154,True
3691,-1,0.0,False
3692,58,1.8403992876385513,True
3693,83,1.6629403806950247,True
3694,87,1.56788907875435,True
3695,93,1.734302844690253,True
3696,-1,0.0,False
3697,-1,0.0,False
3698,-1,0.0,False
3699,-1,0.0,False
3700,-1,0.0,False
3701,-1,0.0,False
3702,-1,0.0,False
3703,25,1.7386861898257213,True
3704,-1,0.0,False
3705,-1,0.0,False
3706,16,1.7813725449399156,True
3707,-1,0.0,False
3708,-1,0.0,False
3709,-1,0.0,False
3710,28,1.6802051872340917,True
3711,-1,0.0,False
3712,-1,0.0,False
3713,-1,0.0,False
3714,-1,0.0,False
3715,-1,0.0,False
3716,-1,0.0,False
3717,-1,0.0,False
3718,78,1.663763221812928,True
3719,-1,0.0,False
3720,-1,0.0,False
3721,-1,0.0,False
3722,-1,0.0,False
3723,88,1.7011905416303021,True
3724,-1,0.0,False
3725,-1,0.0,False
3726,56,1.596151420189397,True
3727,-1,0.0,False
3728,-1,0.0,False
3729,-1,0.0,False
3730,93,1.7198245157804974,True
3731,0,1.562727522887782,True
3732,-1,0.0,False
3733,-1,0.0,False
3734,-1,0.0,False
3735,-1,0.0,False
3736,23,1.778611808864353,True
3737,-1,0.0,False
3738,-1,0.0,False
3739,-1,0.0,False
3740,-1,0.0,False
3741,-1,0.0,False
3742,-1,0.0,False
3743,-1,0.0,False
3744,48,1.7687340706508232,True
3745,-1,0.0,False
3746,28,1.5771295136870744,True
3747,-1,0.0,False
3748,-1,0.0,False
3749,40,1.8633169697243033,True
3750,50,1.9047110035078383,True
3751,-1,0.0,False
3752,-1,0.0,False
3753,-1,0.0,False
3754,-1,0.0,False
3755,62,1.7417424312553957,True
3756,53,1.550448567466086,True
3757,-1,0.0,False
3758,90,1.7129446166678854,True
3759,-1,0.0,False
3760,-1,0.0,False
3761,-1,0.0,False
3762,16,1.6438593669319854,True
3763,-1,0.0,False
3764,-1,0.0,False
3765,-1,0.0,False
3766,-1,0.0,False
3767,-1,0.0,False
3768,73,1.5499898491541477,True
3769,-1,0.0,False
3770,2,1.7268453130724268,True
3771,-1,0.0,False
3772,51,1.5889048089265856,True
3773,-1,0.0,False
3774,-1,0.0,False
3775,-1,0.0,False
3776,-1,0.0,False
3777,-1,0.0,False
3778,2,1.614306083320531,True
3779,53,1.4927669759547055,True
3780,-1,0.0,False
3781,-1,0.0,False
3782,-1,0.0,False
3783,71,1.6255002167149404,True
3784,-1,0.0,False
3785,-1,0.0,False
3786,-1,0.0,False
3787,-1,0.0,False
3788,-1,0.0,False
3789,30,1.6363317444777798,True
3790,-1,0.0,False
3791,-1,0.0,False
3792,30,1.6104595005113869,True
3793,1,1.566361265837273,True
3794,-1,0.0,False
3795,-1,0.0,False
3796,-1,0.0,False
3797,-1,0.0,False
3798,-1,0.0,False
3799,-1,0.0,False
3800,-1,0.0,False
3801,54,1.5879376613612082,True
3802,-1,0.0,False
3803,90,1.6793739007670863,True
3804,-1,0.0,False
3805,88,1.611783022058812,True
3806,-1,0.0,False
3807,-1,0.0,False
3808,-1,0.0,False
3809,33,1.9699222862700305,True
3810,-1,0.0,False
3811,-1,0.0,False
3812,-1,0.0,False
3813,-1,0.0,False
3814,-1,0.0,False
3815,59,1.912789469870772,True
3816,-1,0.0,False
3817,-1,0.0,False
3818,68,1.608683293239589,True
3819,-1,0.0,False
3820,-1,0.0,False
3821,-1,0.0,False
3822,56,1.5738166741349906,True
3823,-1,0.0,False
3824,71,1.5984250367971065,True
3825,-1,0.0,False
3826,-1,0.0,False
3827,-1,0.0,False
3828,-1,0.0,False
3829,-1,0.0,False
3830,93,1.7582555280734882,True
3831,-1,0.0,False
3832,-1,0.0,False
3833,-1,0.0,False
3834,-1,0.0,False
3835,-1,0.0,False
3836,-1,0.0,False
3837,-1,0.0,False
3838,-1,0.0,False
3839,75,1.5127135610797686,True
3840,-1,0.0,False
3841,-1,0.0,False
3842,69,1.829026318727594,True
3843,-1,0.0,False
3844,0,1.5531827527437265,True
3845,-1,0.0,False
3846,-1,0.0,False
3847,68,1.6464807941775446,True
3848,-1,0.0,False
3849,-1,0.0,False
3850,-1,0.0,False
3851,-1,0.0,False
3852,-1,0.0,False
3853,-1,0.0,False
3854,17,1.7919091267061227,True
3855,-1,0.0,False
3856,-1,0.0,False
3857,0,1.5480031866701345,True
3858,-1,0.0,False
3859,-1,0.0,False
3860,74,1.659577354226689,True
3861,-1,0.0,False
3862,58,1.876320205388315,True
3863,-1,0.0,False
3864,35,1.6328577405743907,True
3865,-1,0.0,False
3866,-1,0.0,False
3867,2,1.5935865881043583,True
3868,-1,0.0,False
3869,-1,0.0,False
3870,-1,0.0,False
3871,-1,0.0,False
3872,-1,0.0,False
3873,-1,0.0,False
3874,-1,0.0,False
3875,-1,0.0,False
3876,51,1.6421818039873113,True
3877,36,1.7512195955102432,True
3878,28,1.658398717805667,True
3879,-1,0.0,False
3880,-1,0.0,False
3881,24,1.5886039017489753,True
3882,-1,0.0,False
3883,-1,0.0,False
3884,-1,0.0,False
3885,-1,0.0,False
3886,-1,0.0,False
3887,-1,0.0,False
3888,-1,0.0,False
3889,24,1.574834952862671,True
3890,-1,0.0,False
3891,-1,0.0,False
3892,-1,0.0,False
3893,-1,0.0,False
3894,-1,0.0,False
3895,-1,0.0,False
3896,-1,0.0,False
3897,-1,0.0,False
3898,-1,0.0,False
3899,-1,0.0,False
3900,-1,0.0,False
3901,-1,0.0,False
3902,-1,0.0,False
3903,-1,0.0,False
3904,-1,0.0,False
3905,-1,0.0,False
3906,87,1.515372596799661,True
3907,-1,0.0,False
3908,2,1.5318029091588001,True
3909,-1,0.0,False
3910,-1,0.0,False
3911,-1,0.0,False
3912,-1,0.0,False
3913,-1,0.0,False
3914,75,1.532373214430557,True
3915,-1,0.0,False
3916,36,1.4936532906554438,True
3917,-1,0.0,False
3918,-1,0.0,False
3919,-1,0.0,False
3920,40,1.671670859399301,True
3921,-1,0.0,False
3922,-1,0.0,False
3923,50,1.6911852124962394,True
3924,-1,0.0,False
3925,-1,0.0,False
3926,-1,0.0,False
3927,-1,0.0,False
3928,25,1.8058979575059428,True
3929,-1,0.0,False
3930,-1,0.0,False
3931,52,1.736425397569913,True
3932,71,1.601680070880227,True
3933,-1,0.0,False
3934,-1,0.0,False
3935,-1,0.0,False
3936,-1,0.0,False
3937,-1,0.0,False
3938,-1,0.0,False
3939,-1,0.0,False
3940,-1,0.0,False
3941,-1,0.0,False
3942,-1,0.0,False
3943,-1,0.0,False
3944,-1,0.0,False
3945,12,1.6787443599121925,True
3946,64,1.5897564061824792,True
3947,72,1.5577651576144655,True
3948,-1,0.0,False
3949,-1,0.0,False
3950,-1,0.0,False
3951,17,1.6509864032647044,True
3952,-1,0.0,False
3953,-1,0.0,False
3954,-1,0.0,False
3955,-1,0.0,False
3956,-1,0.0,False
3957,-1,0.0,False
3958,-1,0.0,False
3959,-1,0.0,False
3960,-1,0.0,False
3961,-1,0.0,False
3962,-1,0.0,False
3963,-1,0.0,False
3964,-1,0.0,False
3965,36,1.9404471511183692,True
3966,-1,0.0,False
3967,-1,0.0,False
3968,-1,0.0,False
3969,-1,0.0,False
3970,90,1.7128865189706821,True
3971,-1,0.0,False
3972,30,1.5976727191919688,True
3973,52,1.7517857544837603,True
3974,-1,0.0,False
3975,-1,0.0,False
3976,-1,0.0,False
3977,-1,0.0,False
3978,-1,0.0,False
3979,-1,0.0,False
3980,78,1.6006115110811219,True
3981,-1,0.0,False
3982,33,1.9581108593582903,True
3983,-1,0.0,False
3984,-1,0.0,False
3985,-1,0.0,False
3986,-1,0.0,False
3987,64,1.8127283490821626,True
3988,-1,0.0,False
3989,68,1.5053628520691613,True
3990,62,1.4938624915546113,True
3991,-1,0.0,False
3992,-1,0.0,False
3993,8,1.6034547153676248,True
3994,-1,0.0,False
3995,82,1.6020663440358112,True
3996,-1,0.0,False
3997,-1,0.0,False
3998,80,1.6488433702663796,True
3999,-1,0.0,False
